ID,Education,Income,Recency,NumWebVisitsMonth,Complain,Response,age,Living_With,Years_Since_Registration,Customer_Spent,Total_purcheses,Num_Children,Total_Accept_cmp,Cluster,cluster
5524,0,58138.0,58,7,0,1,67,0,12,1617,25,0,0,2,2
2174,0,46344.0,38,5,0,0,70,0,10,27,6,2,0,1,1
4141,0,71613.0,26,4,0,0,59,1,11,776,21,0,0,0,0
6182,0,26646.0,26,6,0,0,40,1,10,53,8,1,0,1,1
5324,1,58293.0,94,5,0,0,43,1,10,422,19,1,0,0,0
7446,1,62513.0,16,6,0,0,57,1,11,716,22,1,0,0,0
965,0,55635.0,34,6,0,0,53,0,12,590,21,1,0,0,0
6177,1,33454.0,32,8,0,0,39,1,11,169,10,1,0,1,1
4855,1,30351.0,19,9,0,1,50,1,11,46,6,1,0,1,1
5899,1,19107.0,68,20,0,0,74,1,10,49,2,2,1,1,1
1994,0,51381.5,11,7,0,0,41,1,11,19,4,1,0,1,1
387,2,19107.0,59,8,0,0,48,1,12,61,6,0,0,1,1
8180,1,59354.0,53,6,0,0,72,0,11,310,15,2,0,1,1
2569,0,19107.0,38,8,0,0,37,1,12,46,5,0,0,1,1
2114,1,82800.0,23,3,0,1,78,0,12,1315,26,0,2,2,2
9736,0,41850.0,51,8,0,0,44,1,12,96,9,2,0,1,1
4939,0,37760.0,20,7,0,0,78,1,12,317,13,0,0,1,1
6565,1,76995.0,91,5,0,0,75,1,11,1782,26,1,1,0,0
2278,2,33812.0,86,6,0,0,39,0,12,133,8,1,0,1,1
9360,0,37040.0,41,8,0,0,42,1,12,316,12,0,0,1,1
1993,1,58607.0,63,8,0,0,75,1,12,972,17,1,1,0,0
4047,1,65324.0,0,4,0,0,70,1,10,544,20,1,0,0,0
1409,0,40689.0,69,8,0,0,73,1,11,444,20,1,0,0,0
7892,0,19107.0,89,7,0,0,55,0,11,75,8,0,0,1,1
2404,0,53359.0,4,7,0,0,48,1,11,257,14,2,0,1,1
9422,0,38360.0,26,3,0,0,35,1,11,131,9,1,0,1,1
1966,1,83917.0,96,2,0,0,59,1,11,1672,26,0,1,0,0
6864,1,19107.0,34,5,0,0,35,0,10,30,8,0,0,1,1
3033,1,38620.0,56,3,0,0,61,1,11,318,11,0,0,1,1
5710,0,40548.0,31,5,0,0,54,1,12,120,9,1,1,1,1
7373,1,46610.0,8,6,0,1,72,0,12,302,17,2,0,1,1
8755,1,68657.0,4,7,0,0,78,1,11,1196,18,0,0,0,0
10738,1,49389.0,55,7,0,0,73,0,11,65,6,2,0,1,1
4339,1,67353.0,37,2,0,0,54,1,11,913,28,1,0,0,0
10755,2,23718.0,76,7,0,0,48,1,11,81,9,1,0,1,1
8595,0,42429.0,99,5,0,0,51,0,10,67,7,1,0,1,1
2968,1,48948.0,53,6,0,1,81,0,11,902,24,0,1,2,2
503,1,20559.0,88,8,0,0,39,1,11,53,7,1,0,1,1
8430,0,21994.0,4,5,0,0,67,1,12,22,4,1,0,1,1
7281,1,51381.5,80,2,0,0,65,0,11,186,9,0,0,0,0
2139,1,19107.0,19,5,0,0,49,1,11,31,8,1,0,1,1
9909,2,19107.0,24,9,0,1,28,1,12,122,10,0,0,1,1
7286,0,41728.0,92,10,0,0,56,1,11,55,5,1,0,1,1
7244,0,51381.5,96,6,0,0,73,0,10,124,10,3,0,1,1
8614,0,65486.0,29,2,0,0,67,0,10,507,17,1,0,0,0
1331,0,35790.0,54,7,0,0,47,0,11,72,7,1,0,1,1
9381,0,66373.0,57,3,0,0,46,1,11,606,23,2,0,0,0
6260,1,82384.0,55,1,0,1,69,1,12,1957,27,0,1,2,2
10383,0,70287.0,30,3,0,1,58,0,11,1093,21,0,0,2,2
7437,0,27938.0,31,3,0,0,36,0,10,29,6,1,0,1,1
8557,0,51381.5,57,6,0,0,42,0,11,46,7,1,0,1,1
8375,1,55954.0,63,7,0,0,56,1,10,518,19,1,0,0,0
6853,1,75777.0,12,1,0,1,42,0,11,1438,21,0,2,2,2
3076,0,66653.0,18,3,0,0,49,1,12,612,22,2,0,0,0
1012,0,61823.0,26,7,0,0,72,0,11,884,24,1,0,0,0
6518,1,67680.0,8,5,0,0,73,0,11,606,19,1,0,0,0
4137,0,70666.0,29,4,0,0,76,1,11,1076,16,0,0,0,0
8082,0,25721.0,75,7,0,1,53,1,11,34,5,1,0,1,1
1386,0,32474.0,0,7,0,0,57,1,10,11,4,2,0,1,1
9369,2,83917.0,19,5,0,1,45,0,10,1274,32,1,2,2,2
4477,0,69096.0,4,4,0,0,66,1,11,653,18,1,0,0,0
1357,0,74854.0,90,5,0,0,54,1,11,1562,19,3,0,0,0
1402,1,66991.0,1,3,0,0,70,1,12,1253,21,0,0,0,0
10629,2,51381.5,25,8,0,0,51,1,12,109,9,1,0,1,1
6312,0,65031.0,29,7,0,0,65,1,11,863,30,1,0,0,0
8132,1,60631.0,88,7,0,0,49,1,11,661,24,2,1,0,0
1050,0,28332.0,58,2,0,0,72,1,10,65,8,0,0,1,1
5846,0,40246.0,68,6,0,0,47,0,12,13,4,1,0,1,1
7503,0,75825.0,40,4,0,1,48,0,12,2209,22,0,1,2,2
10401,2,26326.0,12,3,1,0,48,1,11,18,4,0,0,1,1
1618,0,56046.0,9,8,0,1,59,1,11,692,21,0,1,2,2
3332,0,29760.0,87,8,0,0,39,0,12,165,12,1,0,1,1
2261,0,26304.0,5,7,0,0,55,1,11,16,4,1,0,1,1
5346,2,23559.0,87,7,0,0,51,1,11,79,9,1,0,1,1
4119,1,38620.0,56,3,0,0,61,1,11,318,11,0,0,1,1
535,0,81361.0,18,1,0,0,37,0,10,778,27,0,0,0,0
5268,0,29440.0,95,7,0,0,64,1,11,56,7,2,0,1,1
273,1,36138.0,48,7,0,0,54,1,11,151,13,2,1,1,1
4452,0,50388.0,3,7,0,1,67,0,10,372,17,1,2,2,2
8504,0,79593.0,70,2,0,0,51,1,10,1366,19,0,1,0,0
771,0,54178.0,79,2,0,0,57,1,10,194,10,1,0,0,0
9235,0,51381.5,45,7,0,0,67,0,10,18,4,2,0,1,1
5798,1,51381.5,87,1,0,0,51,1,11,985,15,0,0,0,0
11178,1,42394.0,69,7,0,0,52,0,10,32,5,1,0,1,1
2230,1,23626.0,84,5,0,0,54,1,10,43,10,1,0,1,1
7516,0,30096.0,30,6,0,0,41,1,10,45,6,1,0,1,1
7247,0,47916.0,72,6,0,0,64,0,12,606,22,1,1,0,0
11100,0,51813.0,37,7,0,0,52,0,11,63,7,2,0,1,1
3037,1,50150.0,32,5,0,0,41,1,11,410,16,0,0,1,1
1473,2,47823.0,0,8,0,0,64,0,11,72,7,1,0,1,1
1016,1,34554.0,43,6,0,0,65,0,10,55,7,1,0,1,1
9370,1,65846.0,68,4,0,0,79,1,11,1120,16,0,0,0,0
8908,0,83917.0,35,1,0,1,65,1,10,1097,20,0,0,2,2
8373,2,24594.0,94,5,0,0,45,1,11,29,5,1,0,1,1
7533,0,49096.0,15,7,0,0,60,1,11,187,13,2,0,1,1
2683,0,52413.0,56,6,0,0,55,1,11,910,26,2,0,0,0
3629,0,38557.0,17,7,0,0,46,0,12,145,9,1,0,1,1
5077,0,77298.0,46,3,0,0,45,1,11,969,24,1,0,0,0
3267,1,57288.0,27,6,0,0,61,1,10,608,20,1,1,0,0
999,0,83917.0,95,3,0,1,33,0,11,730,25,0,2,2,2
9215,1,43974.0,19,7,0,0,44,1,12,551,21,1,0,1,1
2286,0,50785.0,27,6,0,0,62,0,11,114,8,2,0,1,1
1592,0,83917.0,25,1,0,0,54,1,10,1724,15,0,2,2,2
367,2,36550.0,74,9,0,0,46,1,11,577,20,1,0,1,1
5234,2,30753.0,85,5,0,0,57,1,11,81,7,2,0,1,1
9862,0,21918.0,37,6,0,0,55,1,11,33,7,1,0,1,1
9805,1,56129.0,65,4,0,0,71,1,11,660,22,1,0,0,0
6205,1,32557.0,13,5,0,1,57,0,10,80,9,1,0,1,1
8442,1,19510.0,63,7,0,0,39,1,11,30,6,2,0,1,1
7386,0,30992.0,83,7,0,0,48,0,11,43,5,1,0,1,1
7215,0,83917.0,69,2,0,1,41,0,11,1135,27,0,3,2,2
1491,2,71488.0,87,1,0,0,59,1,11,559,16,0,0,0,0
3381,1,54348.0,51,6,0,0,71,1,10,90,8,2,0,1,1
8268,1,51381.5,23,6,0,0,63,1,11,404,17,1,0,1,1
11051,1,77376.0,72,4,0,0,68,1,10,661,23,2,0,0,0
8026,0,62998.0,10,5,0,0,72,1,11,463,19,1,0,0,0
433,1,61331.0,42,8,0,0,66,0,11,632,23,2,0,0,0
9597,0,73448.0,10,4,0,0,55,1,10,725,19,0,0,0,0
1295,0,51381.5,96,4,0,0,61,1,11,725,19,1,0,0,0
5290,1,41551.0,51,8,0,0,60,1,11,279,16,2,0,1,1
1685,1,62981.0,21,3,0,0,57,1,11,1482,23,0,1,2,2
5342,2,19107.0,31,8,0,0,48,0,12,29,6,1,0,1,1
9579,1,33762.0,61,8,0,0,65,1,11,106,9,3,0,1,1
7660,1,35860.0,37,5,0,1,51,0,10,49,6,2,1,1,1
1461,1,36921.0,74,7,0,0,59,0,11,38,7,2,0,1,1
11084,1,65104.0,4,7,0,1,48,1,11,1053,17,1,0,2,2
8690,0,83917.0,73,2,0,0,62,1,11,1385,23,0,0,0,0
2937,1,68352.0,47,6,0,0,50,0,11,871,25,1,0,0,0
9701,0,41883.0,13,7,0,0,36,1,11,312,12,1,0,1,1
9949,0,59809.0,36,8,0,0,48,1,12,877,15,2,0,1,1
10837,0,23957.0,47,6,0,1,49,1,12,68,6,1,0,1,1
3120,0,38547.0,49,8,1,0,43,1,11,22,4,1,0,1,1
5885,2,35688.0,94,8,0,0,51,1,12,211,16,3,0,1,1
4050,1,49605.0,65,3,0,0,58,1,10,127,8,0,0,1,1
3830,1,59354.0,59,3,0,0,71,1,10,459,16,2,0,0,0
7987,0,65747.0,96,6,0,0,55,1,10,460,19,1,1,0,0
7798,2,46344.0,28,7,0,0,52,1,12,429,17,1,0,1,1
92,0,34176.0,12,6,0,0,36,0,10,89,11,1,0,1,1
7055,1,61010.0,57,5,0,0,72,1,12,1021,26,1,0,0,0
10240,0,69372.0,10,4,0,1,75,1,11,1381,21,0,2,2,2
3025,0,49967.0,4,7,0,0,66,0,11,306,15,1,0,1,1
9283,0,60199.0,49,4,0,0,46,0,11,18,4,3,0,1,1
9970,0,55375.0,3,2,0,0,47,1,11,162,9,1,0,1,1
2730,0,80317.0,64,1,0,0,69,0,11,1231,18,0,0,0,0
2795,1,30523.0,0,7,0,0,66,0,11,13,4,3,0,1,1
8182,0,23228.0,91,8,0,0,40,1,10,121,11,1,0,1,1
10095,1,74165.0,9,2,0,0,49,0,11,1293,20,0,0,0,0
4370,0,43482.0,83,6,0,0,58,1,11,88,9,3,0,1,1
10573,0,62551.0,27,3,0,0,71,0,11,421,18,0,1,0,0
3712,0,52332.0,63,4,0,0,65,0,11,259,12,0,1,0,0
3152,0,26091.0,84,5,0,0,67,1,10,89,9,2,0,1,1
5610,0,33456.0,58,7,0,0,59,1,10,36,6,2,0,1,1
6460,0,28718.0,78,8,0,0,42,1,11,57,7,1,0,1,1
1349,0,50447.0,4,6,0,0,54,1,10,148,8,2,0,1,1
1880,1,53537.0,17,5,0,0,65,1,10,93,8,2,0,1,1
641,0,52074.0,77,4,0,0,57,0,10,119,7,1,1,1,1
8717,1,80427.0,56,5,0,0,49,1,12,1835,28,1,0,0,0
10314,1,83837.0,79,4,0,1,76,1,12,1318,25,0,2,2,2
10854,1,38853.0,90,7,0,0,54,1,10,45,7,2,0,1,1
10492,0,38285.0,96,2,0,0,65,1,10,10,4,3,0,1,1
7698,1,51650.0,81,5,0,0,48,1,10,191,10,1,0,1,1
3559,2,19107.0,77,6,0,0,36,1,10,57,9,1,0,1,1
10562,1,66835.0,21,2,0,0,78,1,11,1033,24,0,0,0,0
10796,1,30477.0,16,6,0,0,40,1,10,66,6,1,0,1,1
2563,2,28249.0,80,6,0,0,63,1,10,43,6,0,0,1,1
3518,0,25271.0,45,9,0,0,41,1,12,50,5,1,0,1,1
5823,1,32303.0,63,5,0,0,54,0,10,39,7,1,0,1,1
3934,0,61286.0,34,5,0,0,58,1,11,608,18,1,0,0,0
6982,0,74068.0,14,2,0,0,48,1,11,1581,24,0,0,0,0
6431,1,45759.0,13,7,0,0,60,1,11,68,7,2,0,1,1
9733,2,24882.0,52,6,0,0,46,1,12,80,5,1,1,1,1
5602,1,66973.0,98,3,0,0,35,1,11,1282,28,0,0,0,0
1324,0,38872.0,93,8,0,0,36,1,11,91,8,1,0,1,1
326,0,51148.0,38,6,0,0,51,1,11,315,16,2,0,1,1
7224,0,31353.0,24,8,0,0,47,1,11,31,6,2,0,1,1
6999,1,69661.0,80,3,0,0,44,1,10,834,23,0,0,0,0
3182,1,46854.0,81,8,0,1,51,0,10,263,15,2,1,1,1
7300,0,69142.0,50,5,0,0,72,0,10,535,19,1,1,0,0
8727,0,63693.0,63,6,0,0,46,0,11,1150,29,1,0,0,0
1030,1,40637.0,72,7,0,0,59,0,11,38,6,2,0,1,1
624,1,19107.0,5,6,0,1,40,0,12,35,4,0,1,1,1
5176,0,29604.0,88,9,0,0,36,1,11,53,5,1,1,1,1
5552,1,48721.0,50,6,0,0,61,0,11,293,17,2,0,1,1
868,0,44794.0,99,6,0,0,58,1,10,65,6,1,0,1,1
380,0,64497.0,17,8,0,1,70,0,12,1804,29,1,1,2,2
2677,0,46097.0,11,4,0,0,68,1,11,241,15,1,0,0,0
6521,0,77972.0,18,1,0,0,70,1,10,1101,20,0,0,0,0
6927,1,44377.0,70,8,0,0,56,1,12,264,19,2,0,1,1
1584,0,41443.0,79,8,0,0,47,1,10,482,20,1,0,1,1
7264,2,52195.0,2,8,0,0,46,0,10,17,4,3,0,1,1
6274,1,83790.0,81,3,0,0,76,1,11,1615,25,0,2,2,2
1377,1,44551.0,24,7,0,0,70,0,11,285,12,1,0,1,1
454,0,69508.0,48,6,0,0,44,1,12,1135,28,1,0,0,0
1755,2,45204.0,93,3,0,0,36,1,10,114,7,1,0,1,1
2075,0,72460.0,56,1,0,0,55,1,11,1047,16,0,0,0,0
4785,1,77622.0,3,3,0,0,54,1,10,714,22,2,0,0,0
9076,1,30732.0,44,8,0,0,44,1,11,185,13,1,0,1,1
7079,0,63887.0,38,6,0,0,62,0,12,1245,32,1,0,0,0
4653,0,42011.0,46,8,0,0,46,1,11,189,12,1,0,1,1
7375,0,51369.0,84,8,0,0,48,1,12,576,16,1,0,1,1
709,0,51537.0,27,8,0,0,72,0,12,1103,18,1,0,0,0
460,1,79930.0,72,2,0,0,52,1,12,1753,17,0,0,0,0
3726,1,34320.0,66,8,0,0,38,1,10,17,4,1,0,1,1
5341,2,81975.0,2,7,0,0,62,0,11,1588,14,1,1,2,2
1606,0,38590.0,65,8,0,0,53,1,11,22,4,1,0,1,1
9617,0,19107.0,37,3,0,0,73,0,10,19,5,0,0,1,1
3233,1,62745.0,89,5,0,0,59,1,11,1117,29,1,0,0,0
89,2,22212.0,49,6,0,0,49,1,11,69,8,1,0,1,1
2936,1,23661.0,46,7,0,0,42,1,11,23,5,1,0,1,1
9449,1,79761.0,32,3,0,0,66,0,11,605,19,1,0,0,0
7297,0,19107.0,54,7,0,0,51,0,11,57,11,1,0,1,1
9940,0,64961.0,97,3,0,0,66,1,12,1009,16,1,0,0,0
10735,0,22804.0,75,9,0,0,53,0,11,26,5,1,0,1,1
6439,0,61074.0,37,7,0,0,66,1,12,1102,31,1,0,0,0
7411,1,31686.0,31,6,0,0,60,1,10,17,6,2,0,1,1
2176,0,80134.0,40,6,0,1,52,1,11,1690,16,1,3,2,2
9265,0,75027.0,74,5,0,0,71,1,11,1390,21,1,0,0,0
8867,1,67546.0,90,3,0,0,36,1,12,2126,20,0,0,0,0
10236,1,31160.0,59,8,0,0,49,0,11,64,7,1,0,1,1
6340,0,29938.0,52,6,0,0,39,0,11,26,6,1,0,1,1
2227,2,26490.0,92,6,0,0,66,1,12,210,11,0,0,1,1
10992,0,75702.0,77,8,0,0,57,1,12,1148,26,2,0,0,0
5304,1,30899.0,35,6,0,0,50,0,12,33,6,1,0,1,1
309,1,63342.0,48,6,0,0,63,1,12,1101,19,1,1,0,0
3406,0,45989.0,97,3,0,0,60,0,12,322,16,1,0,0,0
2661,0,19107.0,95,5,0,0,60,0,11,44,10,2,0,1,1
3153,1,40737.0,24,8,0,0,67,0,11,17,4,3,0,1,1
10264,0,19107.0,60,7,0,1,45,0,12,31,6,1,1,1,1
1184,1,69674.0,46,5,0,0,56,0,11,845,25,2,0,0,0
4200,1,44159.0,85,5,0,0,54,1,10,275,15,1,0,1,1
9396,1,37717.0,31,9,0,0,46,1,12,25,4,1,0,1,1
2387,1,43776.0,9,8,0,1,72,1,11,275,17,2,0,1,1
6690,1,38179.0,30,7,0,0,58,1,11,90,11,2,0,1,1
9703,1,38097.0,70,7,0,1,54,1,12,184,11,2,1,1,1
291,0,72940.0,13,1,0,0,54,1,11,981,13,0,0,0,0
4557,0,22070.0,11,6,0,0,54,1,11,67,8,1,0,1,1
2379,0,69267.0,31,7,0,1,71,0,12,1635,14,0,0,2,2
5726,1,31788.0,15,5,1,0,41,0,10,60,10,1,0,1,1
3066,1,61905.0,2,5,0,0,49,1,10,231,12,1,0,1,1
6336,0,29315.0,55,6,0,0,64,1,10,48,10,2,0,1,1
10967,0,33378.0,38,7,0,0,61,0,11,99,9,2,0,1,1
2304,1,66313.0,86,4,0,0,61,1,11,770,23,1,0,0,0
7828,1,77882.0,29,1,0,0,43,1,10,818,12,0,0,0,0
3762,1,69867.0,30,1,0,1,38,0,11,925,17,0,1,2,2
4391,1,63841.0,64,6,0,0,56,0,11,908,22,1,0,0,0
4669,2,24480.0,46,7,0,0,43,1,11,102,10,1,0,1,1
10144,0,51369.0,84,8,0,0,48,1,12,576,16,1,0,1,1
8652,0,37760.0,20,7,0,0,78,1,12,317,13,0,0,1,1
1672,1,65640.0,74,2,0,0,50,1,10,461,15,1,0,0,0
8962,1,44319.0,18,5,0,0,49,1,10,37,7,2,0,1,1
9974,0,30631.0,75,7,0,0,50,1,11,70,7,1,0,1,1
10983,0,75278.0,17,3,0,0,72,1,11,930,23,0,0,0,0
4697,1,35416.0,62,8,0,0,75,0,11,390,16,0,0,1,1
9262,2,32414.0,11,7,0,0,40,1,11,52,5,0,1,1,1
7254,0,38361.0,74,7,0,0,55,1,11,137,10,1,0,1,1
4927,0,19107.0,76,9,0,0,53,1,10,68,9,2,0,1,1
10451,0,29672.0,6,6,0,0,59,1,11,25,4,2,0,1,1
2926,1,55951.0,62,8,0,0,72,1,12,1374,23,1,2,2,2
2874,2,35388.0,20,7,0,0,36,0,11,32,5,1,0,1,1
9738,1,42386.0,43,8,0,0,38,1,11,100,7,1,0,1,1
7119,0,68627.0,45,1,0,0,42,0,11,825,12,0,0,0,0
3924,1,57912.0,34,5,0,0,59,0,10,916,28,1,1,0,0
5827,0,35246.0,53,5,0,0,66,0,10,62,11,2,0,1,1
5596,2,58821.0,44,6,0,0,68,1,11,728,21,1,0,0,0
10812,1,46377.0,89,4,0,0,46,1,10,90,7,1,0,1,1
1717,0,39747.0,43,8,0,0,36,0,10,273,13,1,0,1,1
9491,0,23976.0,68,7,0,0,40,1,11,66,10,1,0,1,1
6609,0,27038.0,64,9,0,1,58,0,12,107,7,0,0,1,1
6963,0,77457.0,85,1,0,0,77,0,10,1157,18,0,1,0,0
4440,1,64100.0,93,7,0,0,60,1,11,546,18,1,1,0,0
1379,1,42670.0,12,4,0,0,32,1,11,241,11,0,0,1,1
10032,0,19107.0,86,6,0,0,48,0,10,53,11,1,0,1,1
2826,0,22574.0,28,7,0,0,57,1,11,37,7,3,0,1,1
2437,0,51381.5,69,3,0,0,35,1,11,1611,24,0,2,2,2
6320,1,70893.0,42,3,0,0,48,0,11,1508,23,0,0,0,0
3050,0,54198.0,13,4,0,0,58,1,11,235,16,2,0,1,1
231,1,28839.0,86,5,0,0,68,1,10,32,7,2,0,1,1
2392,0,40321.0,59,7,0,0,52,1,11,102,8,2,0,1,1
9478,0,66503.0,30,3,0,0,39,0,12,401,15,1,0,0,0
113,0,30833.0,33,5,0,0,73,1,11,28,6,2,0,1,1
2863,0,51381.5,67,7,0,0,54,0,11,1052,21,3,2,0,0
1802,0,64795.0,23,2,0,0,53,1,11,680,21,1,0,0,0
520,0,34421.0,81,7,0,0,50,1,11,30,4,1,0,1,1
8275,1,47025.0,6,7,0,0,59,0,10,20,4,2,0,1,1
9750,1,64325.0,41,7,0,0,63,0,11,1307,23,1,0,0,0
2607,0,40464.0,78,8,0,0,71,0,11,630,24,1,0,0,0
7214,0,62187.0,49,3,0,0,67,1,11,1283,18,0,0,0,0
5835,1,19107.0,39,8,0,0,48,0,11,65,9,1,0,1,1
3896,0,27255.0,3,7,0,0,40,1,11,37,5,1,0,1,1
10350,1,54432.0,37,4,0,0,74,1,11,38,5,3,0,1,1
7786,1,29999.0,22,8,0,0,38,0,11,160,12,1,0,1,1
2861,0,24072.0,79,8,0,0,41,0,11,23,4,1,0,1,1
663,1,33996.0,46,4,0,0,35,0,11,71,6,0,0,1,1
10675,1,66334.0,82,5,0,1,68,1,11,1161,19,1,0,0,0
2521,1,35178.0,10,7,0,1,53,1,11,59,5,1,1,1,1
9592,0,22010.0,51,8,0,0,41,1,11,33,7,1,0,1,1
10151,0,62204.0,38,3,0,0,64,0,12,946,22,2,0,0,0
4099,0,30675.0,14,8,0,0,52,1,12,62,5,1,0,1,1
9560,0,83003.0,18,3,0,1,59,1,11,1674,22,0,1,2,2
10172,0,68655.0,95,3,0,0,36,0,12,1538,21,0,0,0,0
11191,0,41411.0,11,6,0,0,38,0,11,139,8,0,0,1,1
9707,1,55212.0,65,8,0,0,55,1,12,1182,20,1,2,2,2
6245,1,59292.0,71,3,0,0,74,1,11,507,18,1,0,0,0
8234,2,27190.0,13,8,0,1,51,1,11,18,4,1,1,1,1
8553,0,44300.0,65,6,0,0,59,1,11,42,6,2,0,1,1
8842,0,30372.0,33,7,0,0,53,0,12,44,8,2,0,1,1
11030,1,33181.0,90,6,0,0,48,1,10,16,4,1,1,1,1
2579,0,71113.0,95,4,0,0,67,1,11,835,26,1,0,0,0
175,0,71952.0,93,4,0,0,38,1,11,1443,22,1,2,0,0
9185,1,69759.0,38,3,0,1,58,0,11,1029,18,0,0,2,2
11056,0,72099.0,18,1,0,0,50,1,12,1188,18,0,0,0,0
9365,1,60000.0,57,6,0,0,48,0,12,1277,24,1,0,0,0
6201,0,38643.0,45,7,1,0,46,0,11,49,7,2,0,1,1
2061,0,50737.0,61,6,0,0,69,1,11,99,7,1,1,1,1
6184,1,68462.0,6,1,0,0,55,1,12,1670,15,0,0,0,0
6142,1,65073.0,65,2,1,0,81,1,11,900,14,0,0,0,0
4107,1,46681.0,52,5,0,0,76,1,11,425,16,2,0,0,0
9336,1,62187.0,38,4,0,0,55,0,10,636,21,1,0,0,0
2958,0,28442.0,53,4,0,0,46,1,10,57,10,2,0,1,1
933,1,37717.0,31,9,0,0,46,1,12,25,4,1,0,1,1
5837,0,51479.0,67,7,0,0,57,1,12,494,22,2,0,0,0
10704,0,54803.0,65,4,0,0,55,0,12,693,19,1,0,0,0
5125,0,79530.0,64,2,0,0,64,1,11,1348,26,0,0,0,0
4432,0,31615.0,82,7,0,0,48,0,11,51,7,1,0,1,1
2928,1,52614.0,63,8,0,0,49,0,12,990,16,1,0,1,1
5680,2,35684.0,66,6,0,0,40,1,10,30,5,1,0,1,1
10313,0,48178.0,69,8,0,0,49,1,12,254,16,2,0,1,1
2557,1,29548.0,52,4,0,0,54,0,11,29,5,1,1,1,1
1245,0,63810.0,45,8,0,0,58,0,12,1371,23,1,1,0,0
1519,1,38578.0,2,8,0,1,52,0,11,73,9,2,0,1,1
10703,1,46098.0,86,8,0,0,49,0,12,120,11,2,0,1,1
1726,0,22585.0,23,9,0,1,54,0,11,81,5,0,1,1,1
4459,0,30279.0,13,8,0,0,35,0,12,37,5,1,0,1,1
1729,1,66426.0,14,6,0,0,63,1,11,1377,20,1,0,0,0
1517,0,30822.0,92,7,0,0,55,0,11,51,5,1,0,1,1
2098,1,33581.0,38,8,0,0,55,1,11,17,4,2,0,1,1
9543,0,19986.0,74,7,0,0,39,1,11,22,4,1,0,1,1
6878,0,27421.0,14,7,0,0,70,0,12,324,14,0,0,1,1
3310,2,35688.0,94,8,0,0,51,1,12,211,16,3,0,1,1
2724,1,36143.0,33,3,0,0,43,0,10,19,4,1,0,1,1
948,0,19107.0,32,5,0,0,53,0,11,41,8,1,0,1,1
6720,1,43795.0,11,7,0,1,56,1,11,492,17,1,1,2,2
6202,0,63381.0,78,2,0,0,64,1,12,1005,26,1,0,0,0
2066,0,38823.0,56,6,0,0,75,1,12,114,7,1,0,1,1
9799,1,83664.0,57,5,0,0,56,0,11,1173,19,2,0,0,0
8318,0,83917.0,7,1,0,0,45,1,10,1738,19,0,1,0,0
5642,1,62499.0,0,4,0,0,45,1,11,222,12,1,0,1,1
455,1,51012.0,86,6,0,0,78,1,11,209,10,0,0,0,0
7683,1,70777.0,80,3,0,0,56,1,10,787,23,1,0,0,0
3428,1,68682.0,56,2,0,0,33,1,11,1598,24,0,0,0,0
7414,0,43824.0,18,8,0,0,53,1,12,186,12,2,0,1,1
6354,0,19107.0,51,8,0,1,40,1,12,47,6,1,0,1,1
798,0,23442.0,71,7,0,0,37,0,12,27,5,1,0,1,1
8213,2,19107.0,71,7,0,1,44,1,12,96,11,1,0,1,1
2488,2,31395.0,80,6,0,0,68,0,11,64,10,2,0,1,1
9999,0,75276.0,2,5,0,0,59,1,12,1040,23,0,0,0,0
7617,0,42373.0,83,5,0,0,50,0,11,163,13,2,0,1,1
615,0,30507.0,29,7,0,0,64,1,11,343,11,0,0,1,1
194,0,48006.0,55,6,0,0,59,1,10,41,5,2,0,1,1
3645,1,27213.0,19,8,0,1,52,0,12,70,9,1,0,1,1
8890,1,65808.0,1,6,0,0,53,0,10,272,14,2,0,1,1
5049,1,30351.0,19,9,0,0,50,1,11,46,6,1,0,1,1
9973,0,50437.0,28,7,0,0,61,1,12,490,19,2,0,1,1
7301,2,23616.0,76,8,0,1,42,0,12,79,8,1,0,1,1
10882,0,53858.0,50,4,0,0,48,1,12,915,17,1,0,0,0
7030,1,66465.0,1,6,0,0,69,1,11,1485,35,1,1,0,0
7422,0,46923.0,90,7,0,0,37,0,12,369,16,1,0,1,1
3523,0,75072.0,83,3,0,0,62,1,11,1073,19,1,0,0,0
7106,1,75865.0,73,1,0,0,81,1,10,1242,19,0,0,0,0
6504,2,19789.0,24,5,0,0,49,1,11,78,9,1,1,1,1
5067,0,80134.0,11,5,0,0,30,1,10,1378,21,0,4,2,2
4216,0,83917.0,33,3,0,1,43,0,11,1474,26,0,2,2,2
5929,1,37401.0,14,7,0,0,51,1,10,48,7,1,0,1,1
3129,0,30096.0,30,6,0,0,41,1,10,45,6,1,0,1,1
6528,1,19107.0,75,8,0,0,42,1,10,10,4,1,0,1,1
1361,1,82584.0,26,1,0,1,50,1,11,1435,16,0,2,2,2
6932,1,83917.0,77,2,0,0,83,1,11,2119,22,0,1,0,0
7284,0,48686.0,8,8,0,0,71,1,11,20,4,3,0,1,1
1340,0,83917.0,42,1,0,0,38,1,10,1795,27,0,3,2,2
8746,0,75433.0,28,6,0,0,35,1,10,1188,19,1,2,2,2
5987,2,19107.0,52,5,0,0,35,1,10,43,7,1,0,1,1
3725,1,83917.0,1,4,0,1,63,0,11,1688,16,0,4,2,2
4324,0,42387.0,42,8,0,0,35,1,12,684,21,1,0,1,1
6694,0,75236.0,27,4,0,0,60,1,11,1068,25,1,0,0,0
498,0,30015.0,28,5,0,0,54,0,10,57,7,1,0,1,1
9347,1,50943.0,49,5,0,0,68,1,11,46,5,1,0,1,1
9699,0,67272.0,12,5,0,0,58,0,11,733,23,1,0,0,0
10664,1,51529.0,14,8,0,0,75,0,11,467,17,1,0,1,1
5455,1,32011.0,89,7,0,0,53,1,11,122,10,1,0,1,1
456,2,19107.0,96,8,0,0,38,1,11,36,7,1,0,1,1
5012,0,28691.0,56,8,0,0,35,1,11,34,5,1,0,1,1
7495,1,56223.0,72,4,0,0,76,1,11,156,10,1,0,0,0
5029,0,19107.0,14,5,0,0,78,1,11,14,4,0,0,1,1
10642,0,30279.0,13,8,0,0,35,0,12,37,5,1,0,1,1
2106,2,20130.0,99,8,0,0,50,1,10,34,5,0,0,1,1
10364,0,23295.0,72,8,0,0,65,0,11,20,4,0,0,1,1
5954,1,42618.0,92,8,0,0,52,0,11,192,11,1,0,1,1
2541,0,24027.0,7,8,0,0,48,1,11,48,7,1,0,1,1
1142,1,55707.0,91,3,0,0,71,1,11,428,16,1,0,0,0
2276,0,57959.0,71,3,0,0,69,0,11,868,27,1,0,0,0
2807,0,56796.0,24,7,0,0,55,1,11,1001,27,1,0,0,0
6471,1,36230.0,17,5,0,0,53,0,11,59,7,1,0,1,1
6131,2,70829.0,87,3,0,0,44,1,11,431,16,2,0,0,0
6233,0,65991.0,21,7,0,0,48,1,12,971,27,1,0,0,0
4148,0,38988.0,90,8,0,0,52,1,12,348,19,3,0,1,1
3225,1,42207.0,71,6,0,1,40,1,11,265,14,1,1,1,1
7540,0,50300.0,52,2,0,0,72,1,10,270,13,1,0,0,0
1992,0,60597.0,2,7,0,1,60,1,10,893,16,1,1,2,2
8594,1,50520.0,25,6,0,0,66,0,10,135,9,1,0,1,1
2815,0,33183.0,46,7,0,0,49,1,10,120,9,1,0,1,1
2416,1,66582.0,83,1,0,0,55,0,10,1288,20,0,0,0,0
7999,1,75261.0,17,2,0,1,69,1,11,1743,17,0,2,2,2
9213,0,31880.0,13,8,0,0,54,0,12,15,4,1,0,1,1
9697,0,53790.0,86,6,0,0,73,1,10,542,20,2,0,0,0
3916,1,49269.0,92,7,0,0,53,1,12,890,25,1,0,0,0
1581,0,37406.0,18,8,0,1,44,1,11,17,4,1,0,1,1
564,1,56937.0,81,6,0,1,43,1,12,906,30,1,1,2,2
6619,0,38415.0,91,7,0,0,46,1,11,44,6,2,0,1,1
9081,0,20518.0,58,5,0,0,36,0,10,25,5,1,0,1,1
178,0,62503.0,40,5,0,0,68,1,11,973,26,1,0,0,0
916,1,41644.0,67,3,0,0,52,0,10,31,6,2,0,1,1
5512,1,55842.0,19,5,0,0,47,1,10,518,17,1,0,1,1
8970,1,62010.0,93,5,0,0,52,1,12,530,19,1,0,0,0
10581,0,41124.0,41,8,0,0,47,1,12,506,21,1,0,1,1
5300,1,38961.0,60,7,0,0,51,1,11,70,6,1,0,1,1
5154,1,37760.0,54,6,0,0,52,0,11,54,6,1,0,1,1
8346,0,32233.0,26,9,0,1,50,0,12,296,12,1,1,1,1
1676,0,43057.0,30,5,0,0,49,1,11,266,15,1,0,1,1
9286,1,83151.0,93,3,0,0,64,1,12,747,19,0,0,0,0
2426,1,78825.0,35,3,0,1,60,0,12,895,29,0,0,2,2
5172,1,65104.0,4,7,0,0,48,1,11,1053,17,1,0,0,0
5562,0,60093.0,92,6,0,0,50,1,11,735,21,1,0,0,0
3436,0,19107.0,24,7,0,0,55,1,10,20,5,1,0,1,1
3921,2,28457.0,96,8,0,0,72,0,12,205,10,0,0,1,1
3403,1,78952.0,11,6,0,0,66,1,12,2092,21,1,0,0,0
22,0,46310.0,99,8,0,0,48,0,12,309,14,1,0,1,1
9426,1,58308.0,77,8,0,0,60,0,11,900,15,1,0,0,0
6605,1,55614.0,85,7,0,0,80,0,11,682,20,0,1,0,0
3136,1,59432.0,88,5,0,0,62,0,11,663,22,1,0,0,0
8737,0,55563.0,22,3,0,0,46,0,10,43,6,1,0,1,1
716,1,67911.0,63,3,0,0,75,1,10,976,27,1,0,0,0
466,0,65275.0,9,2,0,0,80,1,11,746,21,0,0,0,0
9135,0,27203.0,92,8,0,0,74,1,12,64,6,2,0,1,1
10623,1,48330.0,2,5,0,0,63,1,11,32,5,1,0,1,1
8151,2,24279.0,6,8,0,0,34,1,12,263,9,0,0,1,1
5140,1,64355.0,66,8,0,0,39,1,12,1445,21,1,0,0,0
10160,1,50943.0,49,5,0,0,68,1,11,46,5,1,0,1,1
4945,0,53653.0,29,6,0,0,71,0,12,1210,28,0,0,0,0
6071,0,81217.0,77,1,0,0,35,0,11,1157,22,0,0,0,0
3386,0,34935.0,71,7,0,0,32,1,11,137,8,0,0,1,1
8939,0,61250.0,49,5,0,0,65,0,12,730,25,1,0,0,0
9925,1,39665.0,97,7,0,0,43,1,11,216,12,1,1,1,1
4320,0,60152.0,6,3,0,0,45,0,11,943,23,1,0,0,0
5389,0,48920.0,93,7,0,0,60,1,11,347,16,2,1,1,1
6036,1,83917.0,78,1,0,0,65,1,10,1924,19,0,1,0,0
182,1,44124.0,62,8,0,0,78,1,11,397,17,1,0,1,1
203,1,81169.0,47,2,0,0,49,0,11,2089,22,0,0,0,0
11025,0,36443.0,9,8,0,0,63,1,11,138,11,2,0,1,1
10203,0,26095.0,77,7,0,0,34,0,11,42,5,1,0,1,1
4607,0,71367.0,24,2,0,0,65,1,11,777,17,0,0,0,0
3711,1,80184.0,19,3,0,0,80,1,10,1902,20,0,2,2,2
3696,0,30630.0,67,7,0,0,59,0,10,52,7,2,0,1,1
2532,1,73454.0,95,5,0,0,37,0,10,1651,13,0,1,0,0
9214,0,42691.0,48,5,0,0,33,1,11,358,13,0,0,1,1
35,0,25545.0,35,6,0,1,37,1,12,210,10,1,0,1,1
2258,0,32880.0,76,8,0,0,38,1,12,42,5,1,0,1,1
4322,1,77863.0,20,2,0,0,66,1,11,1291,20,0,0,0,0
713,1,50353.0,72,3,0,0,47,1,10,442,15,0,0,0,0
3281,1,49154.0,69,6,0,0,64,1,11,411,19,2,0,1,1
702,2,47682.0,80,5,0,0,49,0,11,521,19,1,0,1,1
2004,0,72679.0,65,1,0,0,55,0,11,1168,17,1,0,0,0
4769,1,57954.0,52,7,0,0,47,1,10,493,23,2,1,0,0
4437,0,65316.0,65,4,0,0,62,1,11,260,12,2,0,0,0
8724,0,28567.0,57,6,0,0,42,0,11,46,7,1,0,1,1
10741,1,47352.0,70,7,0,0,73,1,11,319,16,1,0,1,1
1991,0,44931.0,0,5,0,0,57,1,10,96,7,1,0,1,1
11096,2,57247.0,50,2,0,0,72,1,11,232,12,1,0,0,0
304,1,22944.0,67,7,0,0,43,0,11,76,9,1,0,1,1
3665,2,25315.0,46,8,0,0,47,1,11,54,9,1,0,1,1
10591,0,43638.0,37,7,0,0,55,0,12,201,11,1,0,1,1
5036,1,42710.0,38,6,0,0,40,0,12,406,14,1,0,1,1
7822,0,54058.0,56,3,0,0,48,1,11,662,20,1,0,0,0
8541,2,24683.0,98,5,0,0,34,1,10,41,8,1,0,1,1
4368,0,47850.0,72,6,0,0,44,1,11,134,8,1,0,1,1
9671,0,19514.0,47,8,0,1,56,1,10,69,10,2,1,1,1
2256,1,27159.0,33,6,0,0,51,1,10,21,6,2,0,1,1
4279,2,39548.0,87,3,0,0,61,0,10,54,7,2,0,1,1
5371,0,21474.0,0,7,0,1,35,0,10,91,8,1,1,1,1
9240,1,60504.0,73,6,0,0,53,0,10,526,18,1,0,0,0
9460,0,22419.0,74,8,0,0,61,1,11,162,8,0,0,1,1
9504,1,81698.0,4,1,0,1,75,1,11,1008,25,0,0,2,2
8692,0,43462.0,50,8,0,0,72,1,12,240,16,2,0,1,1
448,1,54880.0,57,5,0,0,46,0,11,795,21,1,0,0,0
8420,2,19107.0,27,5,0,0,54,1,11,64,8,0,0,1,1
7685,0,33039.0,4,5,0,0,46,1,11,78,7,1,0,1,1
9780,1,71499.0,12,4,0,0,53,1,11,795,26,1,0,0,0
10681,2,62466.0,13,4,0,0,54,1,10,889,26,1,0,0,0
10232,1,48799.0,9,3,0,0,61,0,11,331,15,1,0,1,1
4184,1,52157.0,48,4,0,0,74,1,10,265,12,1,0,0,0
9120,0,66565.0,80,8,0,0,62,0,12,1065,19,1,0,0,0
891,1,29298.0,60,5,0,0,73,1,11,11,4,2,0,1,1
10381,0,47691.0,43,6,0,0,45,0,11,21,4,1,0,1,1
3525,0,38200.0,19,7,0,0,54,1,12,17,4,2,0,1,1
6818,0,44989.0,26,6,0,0,50,1,12,369,16,1,0,1,1
3526,1,38443.0,58,7,0,0,56,1,10,38,6,2,0,1,1
8181,2,38593.0,42,8,0,0,46,0,11,177,11,1,0,1,1
1029,1,64413.0,27,5,0,0,54,1,11,279,12,1,0,1,1
7369,1,36959.0,56,8,0,0,43,1,11,62,7,1,0,1,1
2574,1,61996.0,27,5,0,1,47,1,11,1230,21,1,3,2,2
8159,0,51287.0,10,7,0,0,56,1,10,182,11,2,0,1,1
1160,0,19107.0,48,8,0,0,54,1,11,49,10,2,0,1,1
10242,1,47472.0,39,5,0,0,58,1,11,75,8,2,0,1,1
5253,1,54603.0,85,7,0,0,68,1,11,227,16,2,0,1,1
5966,1,45207.0,64,6,0,0,50,1,12,215,15,2,1,1,1
5314,0,40689.0,69,8,0,0,73,1,11,444,20,1,0,0,0
5081,2,47821.0,54,8,0,0,57,1,11,47,5,2,0,1,1
5123,1,27450.0,57,7,0,0,73,1,11,143,7,0,0,1,1
5756,0,39453.0,64,6,0,0,41,1,10,55,7,1,0,1,1
8036,2,26850.0,10,4,0,0,53,1,10,63,11,2,0,1,1
5057,1,61794.0,74,2,0,0,63,1,11,611,20,1,0,0,0
254,0,53863.0,4,7,0,0,69,1,10,473,18,1,1,0,0
4179,0,24221.0,94,4,0,0,65,1,11,55,6,0,0,1,1
3710,1,39684.0,41,7,1,1,40,0,12,81,7,1,0,1,1
4501,1,69882.0,94,1,0,0,59,0,11,1478,20,0,0,0,0
6424,0,33178.0,9,4,0,0,47,1,10,49,5,1,0,1,1
3075,1,59973.0,47,1,0,0,52,1,11,382,15,0,0,0,0
4992,1,19107.0,12,7,0,1,49,1,11,69,9,1,0,1,1
5252,0,23910.0,80,7,0,0,55,0,12,67,6,1,0,1,1
7444,1,42169.0,20,8,0,0,55,1,11,30,6,2,0,1,1
6919,2,26224.0,39,6,0,0,46,1,11,63,9,1,0,1,1
3537,0,31089.0,57,8,0,0,43,1,12,79,10,1,0,1,1
10277,0,30081.0,27,7,0,0,63,0,11,42,5,1,0,1,1
2453,0,62807.0,83,5,0,0,64,1,12,819,23,1,0,0,0
7972,0,72906.0,79,1,0,0,69,0,11,1151,17,0,0,0,0
895,1,61467.0,69,5,0,0,76,1,12,594,20,2,0,0,0
1177,1,49618.0,77,7,0,0,58,1,11,129,11,2,0,1,1
7141,1,21888.0,15,10,0,1,38,0,12,213,12,1,0,1,1
7232,0,42429.0,99,5,0,0,51,0,10,67,7,1,0,1,1
8477,0,26150.0,61,7,0,0,68,0,11,28,5,3,0,1,1
2457,2,30801.0,23,7,0,0,49,1,12,45,6,1,0,1,1
988,0,81168.0,84,3,0,0,59,1,10,1193,18,0,1,0,0
7930,1,26877.0,74,6,0,0,55,0,11,268,12,0,0,1,1
4587,1,45006.0,90,3,0,0,80,0,11,266,12,0,0,0,0
6682,2,19107.0,41,8,0,0,51,1,12,37,5,1,0,1,1
6222,0,22574.0,28,7,0,0,57,1,11,37,7,3,0,1,1
10299,1,48240.0,73,5,0,1,55,0,12,882,25,0,0,2,2
3083,0,45837.0,88,7,0,0,50,1,11,373,18,2,0,1,1
8953,1,35791.0,94,8,0,0,59,0,11,35,6,3,0,1,1
1503,1,83917.0,31,1,0,0,48,1,11,107,1,2,0,1,1
8650,0,54162.0,31,4,0,0,46,0,11,42,5,2,0,1,1
10862,1,30522.0,6,2,0,0,64,1,12,326,17,1,0,1,1
2782,1,54456.0,23,6,0,0,63,1,11,404,17,1,0,1,1
6941,0,31632.0,92,7,0,0,53,0,11,95,6,0,0,1,1
10972,0,72298.0,52,1,0,0,75,0,10,939,14,0,2,0,0
10708,2,36975.0,50,7,0,0,46,0,11,33,5,1,0,1,1
6583,2,72635.0,54,3,0,0,69,1,11,981,21,0,1,0,0
3641,0,19107.0,93,6,0,0,48,1,11,36,7,1,0,1,1
4299,0,70971.0,28,7,0,1,64,1,12,1825,34,1,0,2,2
3469,1,34487.0,94,9,0,0,47,0,12,103,9,2,0,1,1
5063,0,28769.0,76,9,0,0,47,0,12,191,12,1,0,1,1
10727,1,69084.0,43,8,0,0,54,1,11,1586,25,1,0,0,0
9624,1,65488.0,46,1,0,0,66,1,10,963,14,0,0,0,0
5156,2,62466.0,13,4,0,0,54,1,10,889,26,1,0,0,0
4376,2,32218.0,27,7,0,1,64,0,10,93,7,0,1,1,1
8461,0,46102.0,3,7,0,0,62,0,10,16,4,3,0,1,1
6945,0,83917.0,72,5,0,0,72,0,11,1375,32,0,0,0,0
944,0,56181.0,6,4,0,0,62,1,11,393,14,1,0,0,0
1907,1,63120.0,53,7,0,1,74,0,12,1477,26,1,0,2,2
701,0,73691.0,58,2,0,0,53,1,11,1179,18,1,1,0,0
3856,0,63381.0,78,2,0,0,64,1,12,1005,26,1,0,0,0
4149,1,76140.0,57,2,0,0,76,1,10,1348,21,0,0,0,0
2131,1,62859.0,37,6,0,0,65,0,12,1307,23,1,0,0,0
2942,0,45906.0,20,5,0,0,60,0,11,486,15,1,1,0,0
1173,1,77632.0,73,2,0,1,77,1,11,2252,13,0,2,2,2
4381,1,46463.0,56,6,0,0,53,1,11,235,17,2,0,1,1
3376,1,55282.0,9,4,0,0,54,0,11,235,11,1,0,1,1
4679,1,78710.0,42,4,0,0,47,1,10,1092,28,1,0,0,0
10928,0,66886.0,28,5,0,0,66,1,11,599,17,1,0,0,0
4248,1,83917.0,23,1,0,0,64,0,10,2008,19,0,1,2,2
6728,0,29103.0,38,9,0,0,39,1,12,48,6,1,0,1,1
6661,0,67445.0,63,6,0,0,50,1,12,1174,32,1,0,0,0
4725,1,50616.0,71,2,0,0,74,1,10,67,7,1,0,0,0
3277,0,49431.0,9,8,0,0,69,0,12,365,15,1,0,1,1
5555,0,83917.0,81,0,0,0,49,0,10,6,0,0,0,0,0
2564,0,61278.0,87,6,0,0,71,1,10,165,10,1,0,0,0
946,2,26490.0,92,6,0,0,66,1,12,210,11,0,0,1,1
3867,1,73059.0,36,4,0,0,77,1,11,1095,26,1,0,0,0
6940,1,46734.0,86,6,0,0,58,0,11,223,12,3,1,1,1
55,0,56253.0,83,6,0,0,61,1,12,597,22,1,0,0,0
7093,0,19986.0,74,7,0,0,39,1,11,22,4,1,0,1,1
5084,0,58330.0,87,4,0,0,49,0,11,1064,24,1,0,0,0
1777,2,25965.0,29,8,0,0,44,1,12,74,6,0,0,1,1
8162,1,19107.0,88,6,0,0,68,1,11,26,5,0,0,1,1
10826,0,19107.0,77,8,0,0,65,1,12,60,5,0,0,1,1
8754,1,45068.0,25,7,0,0,50,1,11,20,4,1,0,1,1
1987,2,21063.0,34,6,0,0,37,0,11,59,7,1,0,1,1
11007,1,29187.0,43,8,0,0,56,1,11,34,5,1,0,1,1
7426,2,54690.0,76,3,0,0,53,1,11,198,12,2,0,1,1
9153,1,59304.0,81,5,0,0,60,1,11,1048,28,1,0,0,0
10379,1,59247.0,87,6,0,0,62,0,11,574,21,2,0,0,0
3197,0,77353.0,38,4,0,0,44,1,11,670,20,1,0,0,0
2920,1,52614.0,63,8,0,0,49,0,12,990,16,1,0,1,1
6961,0,26751.0,26,8,0,0,50,1,10,11,4,2,0,1,1
4673,1,81300.0,17,5,0,1,61,1,12,1241,21,1,1,2,2
9937,0,70337.0,75,1,0,0,45,0,10,576,17,0,0,0,0
8779,2,36145.0,13,9,0,1,39,1,11,172,12,1,1,1,1
9596,1,65295.0,19,2,0,0,44,0,11,664,20,0,0,0,0
2891,0,68118.0,51,6,0,0,61,0,11,928,23,1,0,0,0
4910,0,68743.0,81,7,0,0,57,0,12,2074,30,0,0,0,0
75,2,41039.0,32,8,0,0,42,1,11,467,15,0,0,1,1
10120,0,38946.0,84,5,0,0,69,1,11,257,12,1,0,1,1
6327,0,65777.0,87,1,0,0,57,1,11,1146,17,0,0,0,0
10142,1,66476.0,99,4,0,0,48,0,11,689,20,1,0,0,0
9826,1,83917.0,96,2,0,1,52,0,12,2114,22,0,0,2,2
10767,1,77845.0,40,1,0,0,35,1,10,1346,21,0,2,2,2
7279,1,69476.0,3,2,0,0,55,1,11,1044,15,0,0,0,0
7230,1,50611.0,98,6,0,1,64,0,12,493,22,1,1,2,2
143,0,61209.0,73,2,0,0,54,0,11,957,13,0,0,0,0
450,1,42315.0,90,3,0,0,66,1,11,270,12,1,0,0,0
9316,2,19107.0,29,6,0,0,72,1,11,29,5,0,0,1,1
6379,1,47570.0,3,7,0,1,75,0,11,121,9,2,0,1,1
9239,1,61923.0,94,3,0,0,63,1,11,126,8,2,0,1,1
8315,0,34824.0,65,6,0,0,29,0,10,23,4,0,0,1,1
2868,1,26518.0,33,8,0,1,75,0,11,57,8,2,0,1,1
10888,0,45938.0,46,6,0,0,63,0,11,636,20,0,0,0,0
1277,0,78468.0,29,4,0,0,64,1,10,1004,28,0,1,0,0
9977,0,78901.0,99,4,0,0,51,0,11,734,20,1,0,0,0
10196,0,71427.0,26,4,0,0,46,1,10,614,20,2,0,0,0
8029,1,83917.0,27,1,0,1,36,0,10,1621,15,0,3,2,2
968,1,41335.0,24,7,0,0,56,0,11,187,12,1,0,1,1
6988,0,71952.0,93,4,0,0,38,1,11,1443,22,1,2,0,0
4472,1,35682.0,34,2,0,0,54,0,10,57,6,1,0,1,1
6991,0,43185.0,88,8,0,0,73,0,11,637,20,1,0,0,0
3336,1,66375.0,96,7,0,0,76,1,11,948,14,1,1,0,0
4301,1,35178.0,10,7,0,1,53,1,11,59,5,1,1,1,1
1940,0,25252.0,26,8,0,0,38,1,11,18,4,1,0,1,1
1272,1,55250.0,49,5,0,0,59,0,12,903,26,1,0,0,0
1388,0,33249.0,11,6,0,0,49,0,11,112,8,1,0,1,1
1044,0,58398.0,44,4,0,0,71,1,11,596,20,0,0,0,0
6969,0,50272.0,75,7,0,0,42,1,11,233,13,1,0,1,1
3619,2,83917.0,19,2,0,1,64,0,12,1152,17,0,1,2,2
1715,0,25851.0,45,7,0,0,46,1,11,48,7,1,0,1,1
10159,0,58710.0,77,6,0,0,54,0,11,1185,31,1,0,0,0
1463,0,45160.0,9,7,0,0,66,0,10,21,4,2,0,1,1
5114,1,74806.0,1,4,0,0,59,1,12,965,16,1,0,0,0
4990,0,59111.0,90,7,0,0,70,1,11,869,21,0,0,0,0
4329,1,19107.0,43,7,0,0,40,1,10,16,6,1,0,1,1
4692,0,19107.0,19,9,0,1,48,1,12,71,12,1,1,1,1
7212,0,44794.0,99,6,0,0,58,1,10,65,6,1,0,1,1
6086,0,80395.0,62,2,0,0,69,1,11,1380,24,0,1,0,0
437,1,75012.0,41,1,0,0,48,0,10,1027,23,0,0,0,0
11171,1,56962.0,60,7,0,0,59,1,11,411,21,3,0,1,1
11101,0,83917.0,17,4,0,0,33,1,11,836,26,0,1,2,2
5329,1,35946.0,24,5,0,0,75,0,11,11,4,2,0,1,1
610,1,53593.0,60,8,0,0,71,1,12,480,23,2,0,0,0
9384,0,66373.0,57,3,0,0,46,1,11,606,23,2,0,0,0
5956,1,45072.0,74,8,0,0,76,0,11,284,16,3,0,1,1
10430,0,83917.0,22,5,0,0,51,0,11,1472,14,2,3,2,2
7875,0,72025.0,46,2,0,1,75,1,10,1677,26,0,3,2,2
7072,0,67432.0,69,4,0,0,51,1,11,1335,19,1,0,0,0
6255,1,70545.0,29,2,0,0,72,1,10,334,13,1,0,0,0
6516,2,19107.0,37,7,0,0,35,1,11,18,4,1,0,1,1
5564,0,62882.0,26,4,0,0,55,1,12,1338,20,1,0,0,0
5682,1,64108.0,8,5,0,0,71,0,11,1099,30,1,0,0,0
7458,1,34941.0,26,8,0,0,68,1,11,97,8,2,0,1,1
5237,1,48767.0,79,5,0,0,74,0,10,63,9,3,0,1,1
7761,2,38702.0,71,6,0,0,46,1,11,109,9,1,0,1,1
5278,0,82224.0,83,3,0,0,60,1,10,902,21,0,1,0,0
3560,0,83844.0,57,1,0,0,72,1,11,1574,20,0,1,0,0
7235,2,19107.0,37,5,0,0,49,1,11,38,9,1,0,1,1
10548,0,71163.0,30,1,0,0,29,0,10,960,24,0,0,0,0
2281,0,33697.0,34,7,0,0,54,0,11,28,4,1,1,1,1
4073,2,63564.0,0,6,0,1,70,1,10,1215,28,0,1,2,2
6974,1,83443.0,89,2,0,0,52,1,11,1497,22,0,0,0,0
7938,1,51518.0,92,3,0,0,66,1,11,449,17,1,0,0,0
7094,0,58330.0,87,4,0,0,49,0,11,1064,24,1,0,0,0
7723,0,75507.0,56,3,0,0,45,1,10,1440,21,0,0,0,0
3870,2,63855.0,28,4,0,0,46,1,11,1006,24,0,0,0,0
4012,1,62220.0,55,6,0,1,52,1,12,1226,23,1,0,2,2
5909,0,58512.0,25,8,0,0,60,1,11,1171,20,1,0,0,0
10470,1,40662.0,0,4,0,0,45,1,11,92,8,1,0,1,1
6488,1,38829.0,86,5,0,0,65,1,10,99,8,1,0,1,1
10270,2,35523.0,8,7,0,0,43,1,11,66,8,1,0,1,1
6887,0,79146.0,33,6,0,0,57,0,10,564,19,2,0,0,0
6406,1,78285.0,13,3,0,0,36,1,11,1427,21,0,0,0,0
7573,1,31626.0,12,7,0,1,46,0,11,86,6,1,1,1,1
221,0,48726.0,90,6,0,0,69,1,11,242,12,1,0,1,1
1911,0,67430.0,6,6,0,0,37,1,12,1364,29,0,0,2,2
20,2,46891.0,91,4,0,0,59,1,11,183,8,1,0,1,1
8786,1,62058.0,52,6,0,0,68,1,11,450,18,1,0,0,0
10582,0,72063.0,3,2,0,0,45,1,11,758,21,1,0,0,0
8897,0,42720.0,9,8,0,1,59,0,11,654,25,2,0,1,1
2371,0,33622.0,22,7,0,0,52,1,11,81,9,2,0,1,1
4303,1,19107.0,76,20,0,0,67,1,12,137,1,1,0,1,1
6825,0,41452.0,86,7,0,0,71,1,11,16,4,2,0,1,1
1072,1,40760.0,64,6,0,0,59,0,11,93,8,1,0,1,1
4964,1,74250.0,90,1,0,0,66,1,10,1158,18,0,0,0,0
2461,1,51124.0,79,3,0,0,69,0,11,43,6,2,0,1,1
10839,0,36283.0,42,4,0,0,48,1,10,29,6,2,0,1,1
49,0,20587.0,39,7,0,0,54,0,10,25,5,1,0,1,1
4290,0,30467.0,8,7,0,0,52,1,10,24,4,1,0,1,1
10219,0,31590.0,40,8,0,0,52,1,11,38,5,1,0,1,1
4211,2,20425.0,5,7,0,0,38,1,12,57,7,1,0,1,1
1135,1,19107.0,96,7,0,0,64,1,10,47,12,2,0,1,1
6299,1,42564.0,28,7,0,1,56,0,11,813,24,1,1,2,2
10846,1,43783.0,22,7,0,0,46,1,10,629,22,1,1,1,1
347,0,40780.0,30,9,0,0,48,0,12,377,17,1,0,1,1
10446,1,82017.0,58,2,0,1,67,1,12,729,17,0,3,2,2
3479,0,19107.0,49,7,0,0,74,0,11,50,6,0,1,1,1
11075,0,51267.0,37,4,0,0,46,1,11,270,15,2,0,1,1
4442,0,46524.0,70,3,0,0,63,0,11,177,9,1,0,1,1
199,1,45183.0,33,7,0,0,62,0,11,315,13,0,1,1,1
6722,1,70421.0,98,6,0,0,70,1,10,767,23,1,0,0,0
796,2,60161.0,17,8,0,0,59,0,12,1071,26,1,0,0,0
3749,0,73926.0,54,3,0,0,51,1,11,1580,24,0,0,0,0
8523,0,19329.0,39,8,0,0,56,1,11,60,10,1,0,1,1
310,1,61872.0,81,4,0,0,54,1,11,573,21,1,0,0,0
8629,0,46984.0,71,5,0,0,68,0,11,41,5,2,0,1,1
236,0,34838.0,62,6,0,0,73,1,11,170,10,2,0,1,1
3483,0,48192.0,76,8,0,1,66,1,11,1526,25,0,3,2,2
4599,1,49681.0,66,7,0,0,48,1,11,458,21,2,0,1,1
7326,1,56850.0,83,2,0,0,53,1,10,63,6,1,0,1,1
7352,0,55267.0,28,3,0,0,67,1,11,405,17,1,0,0,0
2350,0,59666.0,87,8,0,0,52,1,11,1027,20,2,1,0,0
2964,0,26872.0,0,6,0,0,43,1,11,72,5,0,0,1,1
5585,0,21359.0,1,8,0,1,52,0,11,48,7,1,0,1,1
3732,1,52750.0,72,4,0,0,69,1,11,860,27,1,0,0,0
11176,1,65968.0,12,3,0,0,54,1,10,495,18,1,0,0,0
2986,0,30772.0,89,6,0,0,48,1,10,20,4,2,0,1,1
3900,0,65685.0,54,5,0,0,52,1,10,769,21,1,0,0,0
7034,2,25804.0,34,8,0,0,46,1,11,55,7,1,0,1,1
9493,1,76412.0,15,3,0,1,44,0,11,1808,18,0,2,2,2
1143,0,22063.0,43,7,0,0,52,1,11,55,7,1,0,1,1
1,0,57091.0,0,5,0,1,63,0,10,577,18,0,1,2,2
3855,0,22419.0,74,8,0,0,61,1,11,162,8,0,0,1,1
9499,0,83917.0,97,5,0,0,70,1,11,1616,17,3,2,0,0
6768,0,37859.0,75,8,0,0,62,0,11,36,6,3,0,1,1
2150,1,80995.0,83,4,0,0,66,0,11,1482,22,1,0,0,0
6646,0,19107.0,23,6,0,0,40,1,10,22,5,1,0,1,1
4887,1,55412.0,65,5,0,0,48,0,11,63,6,2,0,1,1
8560,0,48789.0,94,6,0,0,32,0,12,680,18,0,0,0,0
3321,1,56575.0,42,5,0,0,57,1,11,542,20,2,0,0,0
11003,2,25130.0,10,7,0,0,44,1,11,50,7,1,0,1,1
10402,0,35441.0,94,8,0,0,57,1,11,39,6,2,0,1,1
9904,0,71391.0,50,3,0,0,68,1,11,1043,28,1,0,0,0
6141,1,49494.0,46,7,0,0,52,0,11,385,14,1,0,1,1
5687,0,81702.0,98,3,0,0,44,0,12,1633,27,0,0,0,0
10856,2,45889.0,42,6,0,0,44,0,11,46,5,1,0,1,1
5121,0,56628.0,30,5,0,0,47,0,10,761,20,1,1,0,0
4186,0,34026.0,11,5,0,0,74,1,11,76,9,2,0,1,1
368,0,40049.0,61,5,0,0,50,1,12,290,14,1,0,1,1
3312,0,34176.0,12,6,0,0,36,0,10,89,11,1,0,1,1
11121,0,19419.0,76,9,0,0,43,1,12,70,11,1,0,1,1
5332,2,82504.0,2,1,0,0,64,1,11,1066,17,0,0,0,0
5935,1,55284.0,60,5,0,0,68,0,12,764,23,1,0,0,0
2895,0,49980.0,79,5,0,0,61,0,11,195,11,1,0,1,1
10262,0,19107.0,96,5,0,0,44,1,11,53,11,2,0,1,1
7848,0,49166.0,17,6,0,0,50,0,11,368,13,1,0,1,1
9477,1,65324.0,0,4,0,0,70,1,10,544,20,1,0,0,0
7186,1,30843.0,43,5,0,0,58,1,10,35,6,2,1,1,1
5794,1,46374.0,1,8,0,1,50,1,10,446,18,1,2,2,2
4877,1,38576.0,2,7,0,0,51,1,10,41,5,1,0,1,1
425,0,55357.0,66,5,0,0,39,1,11,727,22,2,0,0,0
3007,0,37758.0,49,8,0,0,58,1,12,40,6,2,0,1,1
1031,2,83917.0,5,2,0,0,35,1,11,1062,26,0,1,2,2
4297,0,23228.0,71,8,0,0,55,1,10,40,7,1,0,1,1
807,1,44602.0,35,8,0,0,55,1,10,292,17,2,0,1,1
9553,0,19107.0,94,6,0,0,37,1,11,15,4,0,0,1,1
4271,2,38683.0,80,7,0,0,35,1,12,341,17,1,0,1,1
4120,2,49514.0,61,7,0,0,49,0,11,369,13,1,0,1,1
2036,1,57906.0,29,4,0,0,51,1,11,401,17,1,0,0,0
115,1,43456.0,0,5,0,0,58,0,11,393,17,1,0,1,1
4259,1,19485.0,80,7,0,0,38,0,11,10,4,2,0,1,1
8687,0,53172.0,54,3,0,0,46,1,11,486,16,1,0,0,0
2447,0,30545.0,71,7,0,0,45,1,12,69,7,1,0,1,1
10140,1,70123.0,27,3,0,0,41,1,11,1727,17,0,2,2,2
9353,0,62450.0,61,3,0,0,65,0,10,995,16,1,1,0,0
3623,0,21675.0,55,7,0,0,48,1,10,45,10,1,0,1,1
738,2,42395.0,35,7,0,0,43,0,10,182,12,2,0,1,1
7631,1,61346.0,34,3,0,0,46,1,11,989,23,1,0,0,0
773,1,42835.0,64,6,0,0,53,0,11,595,23,2,0,1,1
10602,0,39922.0,30,8,0,0,41,1,11,156,9,1,0,1,1
1446,1,83917.0,12,1,0,0,68,0,10,1226,28,0,0,0,0
3270,2,19107.0,96,9,0,0,46,1,11,128,11,1,0,1,1
8443,0,24762.0,16,8,0,1,52,0,10,86,9,1,1,1,1
9653,0,35797.0,16,8,0,0,49,1,12,68,7,1,0,1,1
8916,0,36627.0,78,5,0,0,49,0,11,16,4,2,0,1,1
8017,2,51111.0,83,6,0,0,43,1,10,55,7,2,0,1,1
5830,1,83917.0,96,2,0,1,52,0,12,2114,22,0,0,2,2
4597,1,82072.0,67,1,0,0,54,1,11,2018,19,0,0,0,0
7023,1,46231.0,87,9,0,0,71,0,12,263,15,3,0,1,1
8086,0,42243.0,34,7,0,0,65,1,11,55,7,2,0,1,1
8825,0,51195.0,46,8,0,0,62,1,11,564,24,2,0,0,0
2930,1,68092.0,7,5,0,0,46,0,11,1281,20,0,0,0,0
1928,0,31814.0,73,9,0,0,51,1,11,83,7,1,1,1,1
7108,1,51390.0,54,5,0,0,59,0,12,353,18,2,0,1,1
10925,0,76630.0,93,1,0,0,41,1,10,1003,25,0,0,0,0
9960,2,26868.0,52,7,0,0,33,0,10,14,4,1,0,1,1
8800,1,48948.0,53,6,0,1,81,0,11,902,24,0,1,2,2
5519,0,64090.0,8,5,0,1,68,1,11,797,20,1,0,2,2
7037,1,37087.0,50,6,0,0,50,1,11,401,17,1,0,1,1
905,0,21846.0,38,8,0,0,38,0,11,84,11,1,0,1,1
8624,0,81320.0,61,2,0,0,66,1,11,928,18,0,0,0,0
8945,0,54137.0,46,6,0,0,54,0,11,203,11,1,0,1,1
6445,0,66825.0,73,2,0,0,57,1,11,858,16,0,0,0,0
2727,0,57100.0,19,3,0,0,51,1,11,409,13,0,0,0,0
6404,0,58917.0,10,5,0,0,55,1,11,282,16,3,0,1,1
1968,0,45684.0,37,7,0,0,53,0,11,28,4,1,0,1,1
6534,0,47889.0,94,5,0,0,50,1,10,67,6,1,0,1,1
9485,1,45921.0,23,4,0,0,38,1,10,199,10,0,0,1,1
7053,1,78420.0,75,1,0,0,58,0,11,1453,22,0,0,0,0
4654,0,75114.0,40,2,0,0,32,1,11,1253,19,0,0,0,0
9760,1,52278.0,24,8,0,1,61,0,11,1198,31,1,0,2,2
1048,1,35641.0,11,7,0,1,52,1,11,178,10,1,0,1,1
9308,0,62820.0,51,1,0,0,70,1,11,976,14,0,0,0,0
10505,1,73113.0,86,2,0,0,64,1,11,1001,15,0,0,0,0
2625,2,42607.0,30,3,0,0,70,0,11,350,14,1,0,1,1
4637,1,74637.0,73,3,0,0,70,0,11,1650,25,0,1,0,0
9972,1,46015.0,25,7,0,0,69,1,10,46,5,2,2,1,1
4487,1,39858.0,67,6,0,1,55,0,11,95,7,1,0,1,1
4988,1,34469.0,58,4,0,0,76,1,10,62,9,2,0,1,1
5871,1,24401.0,98,8,0,0,45,1,12,467,16,0,0,1,1
3139,2,74116.0,53,2,0,0,42,0,11,2052,19,0,1,2,2
10673,1,68397.0,6,3,0,0,48,1,11,1416,21,1,0,0,0
5303,1,79632.0,42,2,0,0,50,1,10,1113,20,0,0,0,0
538,0,46107.0,78,3,0,0,35,0,10,125,7,1,0,1,1
7922,1,64950.0,29,7,0,0,73,0,12,966,25,1,1,0,0
5692,2,25443.0,82,8,0,0,35,1,12,32,5,1,0,1,1
6383,1,32892.0,78,8,0,0,53,1,10,46,8,1,0,1,1
1628,0,71796.0,54,4,0,0,53,1,11,960,17,0,0,0,0
1204,1,67536.0,45,8,0,0,54,1,11,1829,30,1,1,0,0
3673,0,55239.0,59,5,0,0,53,0,11,779,26,1,0,0,0
760,1,60554.0,8,6,0,0,49,0,11,811,23,1,0,0,0
8957,2,64831.0,51,6,0,0,72,0,11,1120,22,2,0,0,0
4128,1,56067.0,51,5,0,0,62,1,11,725,20,1,0,0,0
6810,0,82025.0,76,1,0,1,41,0,11,1187,12,0,1,2,2
5386,0,83917.0,62,2,0,1,71,1,11,2302,18,0,3,2,2
8700,2,19107.0,86,7,0,0,38,0,12,66,9,0,0,1,1
3202,1,51563.0,60,8,0,0,37,1,12,1250,19,0,2,2,2
1328,2,57937.0,56,3,0,0,42,1,10,683,20,1,0,0,0
8405,0,68274.0,83,3,0,0,45,0,11,305,13,2,0,0,0
6515,0,39771.0,92,4,0,0,47,1,11,50,6,1,0,1,1
2882,2,67893.0,31,8,0,0,49,0,12,995,16,1,0,1,1
7574,1,27922.0,80,4,0,0,45,1,10,41,6,1,0,1,1
6387,1,52190.0,39,5,0,0,48,1,10,77,9,2,1,1,1
5320,1,44051.0,20,6,0,1,51,0,11,171,12,2,0,1,1
5048,1,42767.0,53,8,0,0,53,0,11,131,7,2,0,1,1
8146,1,46106.0,84,6,0,0,48,1,10,54,5,2,0,1,1
10031,1,19107.0,50,8,0,0,48,1,11,53,12,2,0,1,1
5748,0,59754.0,96,5,0,1,59,1,12,475,16,1,0,0,0
2134,0,53700.0,94,5,0,0,72,0,12,694,22,1,0,0,0
1523,0,59041.0,25,5,0,0,51,1,10,96,8,2,0,1,1
9665,1,54237.0,48,6,0,0,67,0,11,361,16,1,0,1,1
4640,0,70647.0,65,2,0,0,57,0,12,1079,26,1,0,0,0
3635,1,52597.0,69,5,0,0,62,0,10,578,20,1,0,0,0
3547,1,41021.0,12,6,0,1,55,1,12,64,7,1,0,1,1
2456,1,40233.0,84,6,0,0,49,1,11,149,13,1,0,1,1
5633,0,50183.0,47,5,0,0,44,1,10,231,17,2,0,1,1
7801,0,54753.0,87,4,0,0,65,1,11,728,21,1,0,0,0
7011,0,33471.0,47,7,0,0,51,1,12,93,10,1,0,1,1
2620,1,34596.0,48,8,0,1,50,1,11,23,4,1,0,1,1
3933,0,44010.0,46,9,0,0,44,1,12,662,24,1,0,1,1
10981,0,83917.0,27,1,0,0,36,1,10,1198,18,0,0,0,0
1734,1,40706.0,37,7,0,0,56,1,11,81,11,3,0,1,1
10995,2,19107.0,8,8,1,0,36,1,12,92,10,1,0,1,1
6357,2,59052.0,29,5,0,0,65,0,11,491,18,1,0,0,0
9209,1,80573.0,85,2,0,0,53,1,12,1564,24,0,0,0,0
10286,0,83715.0,2,0,0,0,62,1,10,926,24,0,0,0,0
2611,1,82576.0,66,1,0,0,65,1,12,1910,19,0,1,0,0
1600,1,56962.0,60,7,0,0,59,1,11,411,21,3,0,1,1
3308,0,35704.0,54,4,0,0,72,1,10,94,9,2,0,1,1
5407,0,53103.0,70,7,0,0,70,1,11,1085,28,1,1,0,0
2166,2,46779.0,55,4,0,0,64,0,11,23,4,2,0,1,1
3955,0,19107.0,20,14,0,0,59,0,10,6,0,0,0,1,1
6634,1,33462.0,78,7,0,0,45,0,11,54,6,1,0,1,1
3056,0,63693.0,63,6,0,0,46,0,11,1150,29,1,0,0,0
6872,1,65352.0,43,4,0,0,50,1,11,405,16,1,0,0,0
8164,1,82170.0,13,2,0,0,46,1,11,1908,19,0,0,0,0
9305,2,79689.0,65,2,0,0,48,0,11,1315,27,0,0,0,0
453,1,35340.0,1,5,0,0,68,0,10,45,7,2,0,1,1
8545,0,83917.0,6,1,0,1,70,0,10,1789,17,0,4,2,2
9850,2,24884.0,32,7,0,0,52,1,12,19,4,1,0,1,1
7378,1,42021.0,34,9,0,0,43,1,12,573,22,1,1,1,1
7646,0,64449.0,70,4,0,0,35,0,10,805,24,1,0,0,0
1640,0,64587.0,49,3,0,0,70,0,10,108,8,2,0,0,0
5184,0,34824.0,65,6,0,0,29,0,10,23,4,0,0,1,1
8492,0,75437.0,25,6,0,0,46,1,11,1493,23,0,1,2,2
11188,0,26091.0,84,5,0,0,67,1,10,89,9,2,0,1,1
1212,0,52845.0,7,6,0,0,51,1,11,936,25,1,1,0,0
9097,0,46086.0,34,4,0,0,68,0,11,343,16,1,0,0,0
10473,1,78028.0,38,7,0,1,68,0,12,528,20,1,2,2,2
7962,1,83917.0,1,1,0,1,37,0,11,1901,12,0,2,2,2
9984,2,56337.0,25,8,0,1,43,1,11,724,22,2,2,2,2
5527,0,22434.0,25,8,0,0,37,1,11,58,7,1,0,1,1
6374,1,36930.0,50,8,0,0,70,1,11,297,16,1,0,1,1
7453,0,36130.0,46,4,0,1,70,0,11,488,21,1,1,2,2
8952,1,65569.0,96,3,0,0,71,1,12,859,23,1,0,0,0
241,0,83844.0,57,1,0,0,72,1,11,1574,20,0,1,0,0
8975,0,19514.0,47,8,0,0,56,1,10,69,10,2,1,1,1
6119,1,36736.0,52,6,0,0,61,0,11,17,4,2,0,1,1
5723,1,49187.0,63,2,0,0,48,1,10,116,8,1,0,1,1
1710,0,30168.0,51,9,0,0,46,0,11,279,18,1,0,1,1
1970,1,34053.0,14,8,0,0,56,1,12,103,7,1,0,1,1
5313,1,38196.0,20,5,0,0,53,1,10,44,9,2,0,1,1
10634,1,59412.0,56,3,0,0,73,1,10,406,15,0,0,0,0
8562,0,54165.0,72,2,0,0,55,1,11,236,11,0,0,0,0
3158,0,32300.0,1,8,0,0,51,1,11,39,5,1,0,1,1
4436,0,20180.0,27,7,0,0,48,0,11,137,8,0,0,1,1
5287,0,34961.0,77,7,0,0,51,1,10,79,10,1,0,1,1
2445,1,28440.0,87,8,0,0,50,1,11,63,6,1,0,1,1
6059,1,64504.0,81,7,0,1,71,1,11,1314,25,3,0,0,0
4550,1,33564.0,51,5,0,0,58,1,10,71,6,1,0,1,1
4240,0,19107.0,79,8,0,0,46,1,12,58,7,1,0,1,1
8911,1,56320.0,11,4,0,0,57,1,11,702,21,1,0,0,0
3706,0,28647.0,54,7,0,1,46,0,11,94,7,1,1,1,1
3628,2,19107.0,93,9,0,0,37,0,11,80,7,1,0,1,1
10175,1,32173.0,0,4,0,0,66,0,11,22,5,1,0,1,1
8985,2,68316.0,54,6,0,0,60,1,12,1211,32,1,0,0,0
5204,0,74538.0,21,3,0,1,53,1,11,1461,22,0,1,2,2
9888,0,68695.0,3,2,0,0,55,1,10,1091,16,0,0,0,0
5263,2,31056.0,99,8,0,0,47,1,11,55,5,1,0,1,1
1020,0,79593.0,70,2,0,0,51,1,10,1366,19,0,1,0,0
9503,0,28071.0,65,8,0,0,44,0,12,313,13,0,0,1,1
10613,1,37334.0,44,4,0,0,66,1,10,62,11,2,0,1,1
67,1,46423.0,6,7,0,0,52,0,11,92,9,2,0,1,1
6019,1,37126.0,9,6,0,1,53,1,10,72,6,1,1,1,1
5863,0,47703.0,95,5,0,0,71,1,11,655,21,1,0,0,0
6730,0,38998.0,92,8,1,0,70,1,12,54,8,2,0,1,1
4998,0,76081.0,85,2,0,0,62,1,10,1033,14,0,1,0,0
6287,0,34728.0,2,6,0,1,38,1,11,36,5,1,0,1,1
5985,1,33168.0,0,7,0,0,59,0,12,122,10,1,0,1,1
4754,1,33585.0,91,4,0,0,58,1,11,122,7,1,0,1,1
4002,1,77037.0,3,3,0,0,64,1,11,1123,27,1,0,0,0
8870,0,35196.0,68,8,0,1,40,1,12,497,18,1,0,1,1
966,0,44529.0,98,5,0,0,58,1,11,691,25,1,1,0,0
9725,1,28764.0,16,8,0,0,58,1,10,12,4,2,1,1,1
5740,2,25959.0,1,6,0,1,54,0,11,56,7,2,0,1,1
5731,1,27100.0,64,7,0,0,41,1,11,37,5,1,0,1,1
7290,0,70596.0,68,2,0,0,39,0,12,968,21,0,0,0,0
3846,0,42557.0,98,8,0,0,50,1,12,270,15,1,0,1,1
8104,1,53312.0,32,7,0,0,73,1,11,278,12,0,0,1,1
4507,0,72228.0,87,3,0,0,72,0,12,1250,22,0,0,0,0
11013,0,67605.0,84,1,0,0,37,1,11,938,17,0,0,0,0
3759,0,65196.0,34,5,0,0,66,1,11,1155,26,2,1,0,0
1162,1,42000.0,23,5,0,1,37,0,11,653,20,0,0,2,2
2055,1,35860.0,37,5,0,0,51,0,10,49,6,2,1,1,1
10766,1,65526.0,22,2,0,0,60,1,10,506,17,1,0,0,0
4415,0,19107.0,19,7,0,0,63,1,12,38,8,2,0,1,1
3005,0,83528.0,7,1,0,1,32,0,10,1650,23,0,2,2,2
2223,2,64176.0,52,6,0,0,59,0,12,1826,33,1,0,0,0
4817,0,22304.0,91,8,0,0,68,0,12,18,4,0,0,1,1
2875,0,67023.0,93,2,1,0,46,1,10,906,24,0,0,0,0
10536,1,32892.0,78,8,0,0,53,1,10,46,8,1,0,1,1
11112,0,70713.0,23,3,0,0,58,1,12,1477,25,1,0,0,0
3807,0,59925.0,83,6,0,0,69,1,12,766,23,1,0,0,0
9197,0,39722.0,92,5,0,0,71,1,10,47,7,1,0,1,1
10832,0,46610.0,4,6,0,0,66,1,11,467,14,0,0,0,0
4207,1,83917.0,27,2,0,0,43,1,11,1298,25,0,2,2,2
577,2,26907.0,10,7,0,0,48,1,11,22,6,2,0,1,1
10855,1,50014.0,9,5,0,0,56,0,10,396,15,1,0,1,1
3081,1,41014.0,65,7,0,0,46,1,11,20,4,1,0,1,1
3535,0,66294.0,68,2,0,0,59,0,10,967,13,0,0,0,0
247,0,36715.0,16,9,0,1,53,1,12,357,19,1,0,1,1
8707,0,79456.0,12,3,0,1,68,1,12,1401,16,0,0,2,2
9523,0,40479.0,95,4,0,0,42,1,11,15,4,1,0,1,1
6072,1,75345.0,16,3,0,1,54,0,11,2087,20,0,1,2,2
6295,0,54233.0,46,8,0,0,47,1,11,981,26,1,0,0,0
10914,0,24163.0,3,4,0,0,54,0,11,17,6,2,0,1,1
1509,1,83917.0,80,5,0,1,66,1,11,523,22,0,4,2,2
5577,0,43776.0,77,6,0,0,41,1,10,23,4,1,0,1,1
1127,1,83917.0,62,2,0,0,51,1,10,1958,20,0,1,0,0
1833,1,39190.0,91,5,0,0,50,0,10,133,9,1,0,1,1
4944,0,71367.0,24,2,0,0,65,1,11,777,17,0,0,0,0
9080,1,38578.0,2,8,0,0,52,0,11,73,9,2,0,1,1
6466,1,57236.0,22,3,0,0,59,1,10,121,10,2,0,1,1
9964,0,61825.0,56,4,0,0,45,0,11,424,15,1,0,0,0
4790,0,79803.0,54,1,0,0,66,0,10,868,13,1,0,0,0
10245,2,80910.0,71,1,0,0,38,0,12,756,15,0,0,0,0
1109,1,27590.0,38,7,0,0,42,1,11,12,4,1,0,1,1
6001,0,56775.0,62,5,0,0,45,1,11,937,25,1,0,0,0
10552,2,54210.0,18,5,0,0,45,1,11,367,14,1,0,1,1
1545,0,38508.0,95,8,0,0,38,1,11,443,20,1,0,1,1
7409,0,53187.0,66,5,0,0,54,1,11,267,13,1,0,1,1
4444,0,30023.0,28,8,0,0,52,1,10,61,6,1,0,1,1
146,1,76045.0,78,2,0,0,64,0,11,1323,21,0,1,0,0
6271,1,50870.0,13,5,0,0,72,1,10,63,6,1,0,1,1
10065,2,19107.0,27,5,0,0,54,1,11,64,8,0,0,1,1
4741,2,65463.0,17,5,0,0,50,1,10,562,19,1,1,0,0
246,0,66480.0,71,4,0,0,59,1,10,312,19,2,0,0,0
375,0,76773.0,79,1,0,0,70,0,11,1156,16,0,0,0,0
10022,1,54466.0,78,5,0,0,51,0,10,16,4,2,0,1,1
7451,1,83917.0,23,1,0,0,64,0,10,2008,19,0,1,2,2
11010,1,19107.0,75,8,0,0,40,0,11,44,9,1,0,1,1
4356,0,71819.0,70,6,0,0,53,1,11,1574,14,1,2,0,0
3885,1,33569.0,10,8,0,1,41,1,11,63,5,1,1,1,1
1175,1,36262.0,24,6,0,1,41,1,11,426,12,0,1,2,2
880,2,22634.0,47,8,0,0,58,1,11,96,6,0,0,1,1
2320,2,47025.0,98,9,0,0,46,1,11,635,23,1,0,1,1
850,0,70566.0,4,3,0,0,56,0,11,757,22,1,0,0,0
4713,1,31605.0,15,7,0,0,45,1,12,125,9,1,0,1,1
675,1,52034.0,67,7,0,0,51,0,11,332,16,2,0,1,1
5025,0,48526.0,32,3,0,0,45,0,11,135,8,1,0,1,1
2308,0,46734.0,40,7,0,0,70,1,12,330,14,1,0,1,1
5995,0,39552.0,54,8,0,1,62,0,12,384,20,2,0,1,1
6749,0,83917.0,78,8,0,0,58,0,12,1722,18,2,0,0,0
1010,0,46931.0,94,3,0,0,47,1,10,78,7,3,0,1,1
8977,2,19107.0,51,4,0,0,39,0,11,24,4,0,0,1,1
4756,2,63998.0,42,4,0,1,72,0,11,1168,25,0,0,2,2
3412,1,67381.0,67,7,0,0,73,1,11,957,17,1,1,0,0
606,0,25930.0,87,7,0,0,57,0,11,15,4,2,0,1,1
5961,0,42693.0,29,5,0,0,46,1,10,57,5,1,0,1,1
2894,0,72903.0,74,4,0,1,39,0,11,2013,21,0,3,2,2
7613,2,49669.0,97,6,0,0,50,1,10,326,14,1,0,1,1
10542,1,36778.0,63,9,0,0,56,1,12,77,9,2,0,1,1
8015,1,83917.0,88,1,0,1,62,0,11,1313,20,0,0,2,2
10617,1,19107.0,34,5,0,0,35,0,10,30,8,0,0,1,1
11166,0,49678.0,81,7,0,0,63,1,11,315,14,1,0,1,1
849,1,56129.0,65,4,0,0,71,1,11,660,22,1,0,0,0
523,0,37155.0,51,5,0,0,35,1,11,74,7,1,0,1,1
4066,2,21282.0,76,6,0,0,46,0,10,46,7,1,0,1,1
8414,1,33419.0,76,7,0,0,62,0,11,86,8,1,0,1,1
819,0,63285.0,84,3,0,0,79,0,11,1103,25,0,0,0,0
4961,1,21255.0,56,4,0,0,50,1,10,61,11,1,0,1,1
749,0,42162.0,31,6,0,1,43,1,11,145,9,1,1,1,1
7755,1,57744.0,91,8,0,0,70,1,11,411,16,1,0,0,0
10525,0,26576.0,40,9,0,1,38,0,12,27,4,1,1,1,1
1453,1,57513.0,59,6,0,0,81,0,11,1060,27,0,0,0,0
8310,0,68142.0,96,6,0,0,60,1,12,1459,24,1,0,0,0
10710,0,19107.0,61,8,0,0,45,1,12,18,4,1,0,1,1
5031,0,83145.0,14,2,0,1,50,1,12,1833,26,0,1,2,2
2613,1,54197.0,16,1,0,0,64,1,10,237,12,1,0,0,0
213,1,23091.0,98,7,0,0,61,0,10,48,10,2,0,1,1
7959,0,79410.0,19,1,0,0,63,1,10,1370,11,0,0,0,0
640,0,57304.0,61,5,0,0,73,1,11,1026,25,1,0,0,0
4252,0,44375.0,73,5,0,0,59,1,10,301,12,1,0,1,1
6218,0,59594.0,74,7,0,0,59,1,12,499,17,1,1,0,0
6905,0,80685.0,55,2,0,0,30,1,12,1004,21,0,0,0,0
5922,1,40344.0,48,7,0,0,50,1,11,218,12,1,0,1,1
3598,0,62710.0,53,4,0,0,52,1,11,606,22,1,0,0,0
6116,2,48985.0,13,3,0,0,56,1,11,75,6,1,0,1,1
6263,0,35322.0,34,8,0,0,56,1,12,106,9,3,0,1,1
2410,0,81657.0,69,1,0,0,55,0,10,1097,16,0,0,0,0
193,2,19107.0,81,5,0,0,28,1,10,16,4,0,1,1,1
3363,2,20130.0,99,8,0,0,50,1,10,34,5,0,0,1,1
8278,1,74214.0,3,5,0,0,34,1,12,1711,16,0,0,2,2
10660,1,66726.0,61,7,0,0,67,1,10,438,17,2,1,0,0
8686,2,23724.0,65,8,0,0,45,1,11,75,7,1,0,1,1
1604,1,47353.0,93,5,0,0,64,1,11,225,13,1,0,1,1
5907,1,33444.0,24,8,0,0,72,1,12,18,4,2,0,1,1
10669,0,54386.0,8,3,0,0,43,1,11,470,17,1,0,0,0
2918,0,28510.0,72,5,0,0,43,0,11,91,9,2,0,1,1
359,0,48070.0,33,7,1,0,74,1,11,504,19,1,0,0,0
8387,0,43140.0,68,6,0,0,67,1,11,235,11,1,0,1,1
1829,1,54959.0,55,7,0,1,63,0,11,1232,21,1,1,2,2
3839,2,19107.0,76,5,0,0,66,0,11,88,12,2,0,1,1
9392,0,26954.0,17,7,0,0,53,0,10,17,4,1,0,1,1
2292,0,22327.0,94,5,0,0,39,0,11,24,5,1,0,1,1
10466,0,44393.0,86,4,0,0,59,1,11,60,7,2,0,1,1
9855,1,62000.0,25,4,0,0,72,0,11,1020,26,1,1,0,0
4088,1,31497.0,22,8,0,0,62,1,12,155,10,1,0,1,1
5231,2,45894.0,15,5,0,0,50,1,10,51,5,2,0,1,1
8732,1,67369.0,81,4,0,1,55,0,12,1461,25,1,2,2,2
2315,0,58401.0,55,4,0,0,64,0,10,96,6,1,0,1,1
3515,0,62307.0,94,5,0,0,72,0,10,160,9,1,0,0,0
2245,1,43641.0,50,6,0,0,55,1,11,139,10,2,0,1,1
6283,1,63841.0,64,6,0,0,56,0,11,908,22,1,0,0,0
2246,2,46891.0,91,4,0,0,59,1,11,183,8,1,0,1,1
6606,1,70091.0,11,8,0,0,55,1,11,1161,19,1,1,0,0
5545,1,78075.0,72,1,0,0,52,1,10,988,14,0,0,0,0
837,0,54809.0,0,4,0,0,47,1,11,174,12,2,0,1,1
9500,0,58113.0,66,7,1,0,65,1,11,758,22,1,0,0,0
3602,1,51412.0,42,4,0,0,66,1,11,195,11,1,0,1,1
234,0,19107.0,60,7,0,1,45,0,12,31,6,1,1,1,1
2995,1,66636.0,64,1,0,0,67,1,11,1084,17,0,0,0,0
1118,1,50965.0,87,8,0,0,68,1,11,685,22,1,1,0,0
7789,1,83917.0,96,2,0,0,59,1,11,1672,26,0,1,0,0
3068,0,19107.0,1,7,0,0,34,1,11,43,6,0,0,1,1
8955,1,40451.0,54,5,0,0,67,1,10,49,5,2,1,1,1
945,0,36317.0,53,7,0,0,59,1,11,133,9,1,0,1,1
5644,0,42213.0,96,7,0,0,67,1,11,363,15,1,1,0,0
7192,0,65748.0,58,1,1,0,69,1,11,545,18,1,0,0,0
2324,0,77044.0,12,4,0,0,52,1,11,1065,31,1,1,0,0
3439,0,56721.0,64,6,0,0,52,1,12,296,15,2,0,1,1
1506,0,42160.0,26,6,0,1,49,0,11,140,11,2,0,1,1
232,0,61559.0,8,3,0,0,59,0,11,530,17,1,0,0,0
8876,1,33629.0,49,9,0,0,61,1,12,152,13,2,0,1,1
4500,1,68682.0,56,2,0,0,33,1,11,1598,24,0,0,0,0
9739,0,34377.0,55,7,0,0,61,0,11,114,8,1,0,1,1
10395,2,19107.0,25,8,0,0,38,0,12,101,10,1,0,1,1
1176,0,26228.0,50,8,0,0,51,1,11,25,4,1,0,1,1
1627,2,77297.0,84,4,0,0,67,0,11,789,22,0,1,0,0
938,0,40211.0,30,8,0,0,43,1,11,87,7,2,1,1,1
2740,1,33438.0,81,5,0,0,66,0,11,90,11,2,0,1,1
257,1,75032.0,74,3,0,0,65,1,11,1215,20,1,0,0,0
4058,1,61284.0,76,6,0,0,69,0,11,811,22,0,1,0,0
7736,0,22518.0,36,5,0,1,38,1,12,61,7,1,1,1,1
8210,1,54730.0,64,4,0,0,49,1,11,405,18,1,0,0,0
833,1,38452.0,62,7,0,0,69,1,10,72,9,2,0,1,1
6230,0,44421.0,53,8,0,0,53,0,11,189,14,2,0,1,1
7325,1,38197.0,86,5,0,0,38,1,11,40,5,1,0,1,1
1307,0,41986.0,15,4,0,0,46,0,10,63,10,1,0,1,1
1502,0,28427.0,67,8,0,0,41,1,11,52,7,1,0,1,1
6211,1,37395.0,47,6,0,0,48,1,10,39,5,1,0,1,1
843,0,64722.0,47,6,0,0,53,1,10,805,25,1,0,0,0
4174,1,55249.0,81,3,0,0,68,1,10,130,8,1,0,0,0
9757,0,83917.0,98,2,0,0,52,1,11,1631,24,0,3,2,2
6918,0,28691.0,56,8,0,0,35,1,11,34,5,1,0,1,1
286,0,44213.0,48,6,0,0,72,0,11,152,12,2,0,1,1
11086,2,25707.0,18,7,0,0,40,0,10,21,5,1,0,1,1
1921,1,59062.0,74,4,0,0,57,1,11,71,7,3,0,1,1
4138,0,76624.0,68,1,0,0,62,0,10,899,23,1,1,0,0
7718,1,66000.0,36,1,0,0,77,1,10,711,10,0,0,0,0
1291,1,27683.0,90,8,0,0,46,1,12,351,16,1,0,1,1
4136,2,19107.0,63,9,0,0,32,0,12,119,11,1,0,1,1
803,0,40521.0,82,5,0,0,56,1,11,21,4,2,0,1,1
4298,1,20427.0,63,8,0,0,51,1,10,10,4,1,0,1,1
10833,0,65106.0,55,6,0,0,49,1,10,973,27,1,1,0,0
9606,1,69969.0,64,3,0,1,59,1,11,1536,13,0,2,2,2
8534,0,67433.0,51,4,0,0,72,1,11,992,28,2,1,0,0
5153,1,77766.0,97,6,0,1,57,1,11,1529,34,1,1,2,2
5011,0,68118.0,51,6,0,0,61,0,11,928,23,1,0,0,0
6653,1,55158.0,72,7,0,1,54,1,12,418,18,2,0,1,1
9094,2,62972.0,39,6,0,1,69,1,12,587,16,1,0,2,2
810,0,74190.0,49,2,0,0,49,1,10,641,19,1,0,0,0
5493,0,39356.0,21,6,0,0,48,1,10,23,4,2,1,1,1
5107,1,35860.0,37,5,0,0,51,0,10,49,6,2,1,1,1
3979,1,83917.0,98,2,0,1,41,0,11,1779,17,0,1,2,2
6049,1,73450.0,85,3,0,0,42,1,11,1804,27,0,2,2,2
8147,0,31454.0,40,8,0,0,64,1,11,48,8,2,0,1,1
1857,0,47139.0,2,7,0,1,72,0,10,83,7,2,0,1,1
11114,0,19656.0,94,7,0,0,54,1,11,84,9,1,0,1,1
5429,1,45579.0,10,6,0,0,76,1,11,183,10,1,0,1,1
9400,2,83917.0,73,2,0,0,66,0,10,1383,19,0,0,0,0
1740,0,55956.0,22,4,0,0,80,1,10,999,16,0,1,0,0
7488,1,64191.0,30,3,0,0,61,0,11,825,24,1,0,0,0
195,0,38808.0,21,8,0,1,52,0,12,246,14,1,1,2,2
635,1,57183.0,51,8,0,0,58,1,11,610,25,2,0,0,0
7527,1,23748.0,97,8,0,0,56,0,12,76,9,1,0,1,1
10319,0,66303.0,56,8,0,0,53,1,11,1286,22,1,1,0,0
2296,1,37368.0,4,6,0,0,49,1,11,30,4,1,1,1,1
10637,0,40800.0,77,7,1,0,60,1,11,99,8,3,0,1,1
907,0,46149.0,36,5,0,0,49,1,11,362,18,1,0,1,1
9516,2,49118.0,90,7,0,1,53,0,12,1229,28,0,2,2,2
679,1,37633.0,49,9,0,0,67,1,12,38,6,2,0,1,1
7384,1,39767.0,18,8,0,0,73,1,11,485,17,0,0,1,1
5043,2,26997.0,89,7,0,0,73,1,12,434,13,0,0,1,1
5267,0,33986.0,43,7,0,0,54,0,11,44,5,1,0,1,1
339,1,57091.0,82,7,0,1,52,1,12,496,18,1,1,2,2
2516,2,46831.0,84,4,0,0,55,1,11,78,7,2,0,1,1
378,0,52531.0,68,6,0,0,53,1,12,794,21,0,0,0,0
4808,0,19107.0,12,7,0,0,68,1,11,17,4,0,0,1,1
5068,0,22804.0,75,9,0,0,53,0,11,26,5,1,0,1,1
7628,2,43050.0,10,5,0,0,51,1,10,76,8,1,0,1,1
7128,1,42997.0,91,7,0,0,47,0,11,15,4,2,0,1,1
2811,1,48918.0,21,4,0,0,61,0,10,62,7,2,0,1,1
3551,1,60033.0,28,2,0,0,70,1,10,198,10,1,0,0,0
1663,1,34043.0,97,9,0,0,46,1,11,49,5,1,0,1,1
5543,0,57811.0,49,5,0,0,58,1,11,802,25,1,1,0,0
10641,0,19107.0,5,6,0,0,46,0,12,57,10,2,0,1,1
5336,1,83917.0,37,1,0,0,53,1,11,59,2,1,0,0,0
6024,0,83917.0,62,2,0,1,71,1,11,2302,18,0,3,2,2
1878,2,23148.0,83,7,0,0,39,1,10,37,6,0,0,1,1
3099,0,44267.0,48,9,0,0,54,0,11,310,16,2,0,1,1
6055,0,71626.0,94,3,0,0,45,1,12,1305,19,0,1,0,0
5841,0,60894.0,61,7,0,0,58,1,11,832,26,1,0,0,0
3972,0,50200.0,70,8,0,0,48,1,11,401,19,2,0,1,1
4394,1,81051.0,43,2,0,0,59,1,10,1501,23,0,2,2,2
5758,0,65169.0,23,6,0,1,42,1,10,1189,28,0,4,2,2
6658,0,59868.0,37,6,0,0,52,1,11,1194,32,1,0,0,0
4603,1,65695.0,50,4,0,0,64,1,10,656,21,1,0,0,0
10260,1,45143.0,74,7,0,0,59,1,11,311,15,1,0,1,1
8789,2,59060.0,77,4,0,0,35,1,10,274,14,1,0,1,1
6197,1,27238.0,39,9,0,0,62,0,11,57,9,2,0,1,1
4554,0,47009.0,89,4,0,0,59,1,11,448,17,1,0,0,0
4937,2,46094.0,62,7,0,0,51,1,10,44,5,2,0,1,1
1920,0,40321.0,59,7,0,0,52,1,11,102,8,2,0,1,1
8749,0,37235.0,68,4,0,0,40,1,10,61,5,1,0,1,1
1650,1,81843.0,13,3,0,0,64,1,11,1643,27,0,0,0,0
10377,1,46692.0,37,6,0,0,66,1,11,397,15,1,0,1,1
9206,0,77382.0,36,1,0,0,56,1,10,1121,26,1,1,0,0
10971,0,37774.0,28,9,1,1,47,0,12,473,16,2,1,1,1
6398,2,19107.0,2,8,0,0,50,1,10,50,8,1,0,1,1
7937,0,24711.0,86,7,0,0,42,1,10,58,7,0,0,1,1
839,1,45503.0,54,5,0,0,49,1,11,170,9,1,0,1,1
158,1,71604.0,3,4,0,1,79,1,11,1196,17,0,1,2,2
4832,0,27244.0,84,7,0,0,45,1,10,101,8,1,0,1,1
5621,0,48752.0,8,9,0,1,55,1,12,316,17,2,0,1,1
1945,0,71434.0,4,4,0,0,62,1,11,1400,21,1,2,2,2
2535,1,83917.0,24,9,0,1,46,1,12,844,20,1,3,2,2
11039,0,51948.0,51,5,0,0,49,1,11,311,13,1,0,1,1
9495,0,71853.0,29,1,0,0,42,1,11,1149,17,0,0,0,0
9635,1,35876.0,13,6,0,0,41,1,10,129,8,0,0,1,1
2173,0,40049.0,23,6,0,0,72,0,11,32,5,1,0,1,1
942,0,39660.0,36,9,0,1,42,0,12,299,14,1,0,1,1
9386,0,50127.0,88,6,0,0,62,1,10,320,13,1,1,0,0
5510,1,43263.0,2,5,0,0,47,1,12,441,16,1,0,1,1
2253,0,19107.0,15,6,0,0,34,1,11,85,6,0,0,1,1
5181,2,24367.0,58,9,0,0,42,0,11,24,4,1,0,1,1
979,0,33249.0,11,6,0,0,49,0,11,112,8,1,0,1,1
10390,2,26887.0,27,6,0,0,65,1,11,30,5,1,0,1,1
4698,1,50150.0,32,5,0,0,41,1,11,410,16,0,0,1,1
7793,0,62061.0,12,6,0,0,48,1,11,800,24,1,1,0,0
1745,1,83917.0,88,1,0,1,62,0,11,1313,20,0,0,2,2
10590,1,76542.0,91,2,0,0,68,1,11,1483,23,0,0,0,0
5080,0,70515.0,12,2,0,1,31,0,11,1258,17,0,0,2,2
8369,0,19107.0,21,8,0,0,37,1,12,28,4,1,0,1,1
5232,0,69139.0,23,4,0,0,59,1,10,227,11,1,0,0,0
2407,0,69109.0,10,4,0,1,42,1,12,1555,20,0,1,2,2
7912,0,38136.0,69,8,0,0,46,1,11,103,8,1,1,1,1
7712,1,62159.0,68,4,0,0,78,0,10,634,19,0,0,0,0
7275,1,33316.0,34,6,0,0,53,0,11,131,10,2,0,1,1
1343,0,58554.0,55,7,0,0,56,1,12,586,22,2,0,0,0
1384,2,19107.0,10,8,0,0,32,1,11,62,7,1,1,1,1
9967,0,53034.0,30,8,0,0,50,0,11,447,22,2,0,1,1
6181,2,52203.0,36,6,0,0,74,1,12,939,27,0,0,0,0
10507,2,59601.0,14,8,0,0,47,0,11,797,15,1,1,1,1
2674,1,75154.0,79,3,0,1,66,0,12,1143,16,1,0,2,2
2698,0,47025.0,52,6,0,0,48,0,11,415,17,1,0,1,1
3231,0,37971.0,97,8,0,0,51,1,11,30,5,1,0,1,1
4096,1,41335.0,24,7,0,0,56,0,11,187,12,1,0,1,1
10476,0,67267.0,0,2,0,0,66,1,10,251,11,1,0,0,0
5948,0,57338.0,96,5,0,0,49,0,10,237,12,1,0,1,1
9140,2,50523.0,89,6,0,0,64,1,11,91,8,2,0,1,1
10258,1,35791.0,94,8,0,0,59,0,11,35,6,3,0,1,1
5675,1,50611.0,98,6,0,0,64,0,12,493,22,1,1,0,0
4743,1,56242.0,72,6,0,0,55,1,11,971,28,1,0,0,0
8805,0,48904.0,1,8,0,0,64,0,12,371,17,1,0,1,1
1542,0,56243.0,26,5,0,0,49,0,11,396,20,3,0,1,1
6770,0,21355.0,5,6,0,1,39,1,11,68,7,1,1,1,1
8773,1,57420.0,22,7,0,0,53,1,11,322,15,1,1,1,1
10475,1,51381.5,39,5,0,0,54,1,11,317,14,1,0,1,1
10420,1,46390.0,56,7,0,0,69,0,10,222,10,1,0,1,1
7514,2,54342.0,74,6,0,0,68,1,11,177,12,2,0,1,1
2902,0,51381.5,87,5,0,0,66,1,12,45,5,2,0,1,1
4345,2,51381.5,49,7,0,0,60,0,10,21,4,2,0,1,1
793,0,20895.0,24,9,0,0,51,1,12,45,6,1,0,1,1
10909,0,83917.0,9,1,0,0,76,1,10,1899,20,0,2,2,2
3769,1,51381.5,17,7,0,0,52,1,10,42,5,1,0,1,1
8702,2,26907.0,10,7,0,0,48,1,11,22,6,2,0,1,1
4791,0,44964.0,35,8,0,0,44,1,12,41,5,2,0,1,1
2963,0,75507.0,56,3,0,0,45,1,10,1440,21,0,0,0,0
8216,1,53761.0,7,5,0,0,52,1,11,325,17,2,0,1,1
8140,0,22682.0,51,4,0,0,51,1,11,95,10,1,0,1,1
10146,1,38887.0,17,7,0,0,52,1,10,42,5,1,0,1,1
5289,2,41658.0,30,4,0,0,49,0,12,72,6,2,0,1,1
2587,1,29791.0,21,5,0,0,52,1,10,20,7,1,0,1,1
4405,1,63915.0,2,5,0,0,68,1,11,789,23,2,0,0,0
8663,0,39996.0,85,6,0,0,50,0,10,15,4,2,0,1,1
2589,0,26759.0,65,6,0,0,52,0,10,59,8,1,0,1,1
3421,1,63841.0,64,6,0,0,56,0,11,908,22,1,0,0,0
10490,1,51039.0,11,7,0,0,55,1,12,417,14,2,0,1,1
4094,0,60544.0,92,6,0,0,63,1,12,289,15,2,0,0,0
9958,0,65685.0,54,5,0,0,52,1,10,769,21,1,0,0,0
2534,0,37716.0,4,7,0,0,71,1,10,188,10,1,0,1,1
4188,0,36864.0,53,8,0,1,67,0,12,354,14,1,0,1,1
6613,1,44511.0,39,8,0,0,54,1,12,727,26,1,0,0,0
10827,1,36947.0,49,9,0,0,57,1,12,146,11,2,0,1,1
5491,1,47352.0,70,7,0,0,73,1,11,319,16,1,0,1,1
8402,1,67087.0,40,4,0,0,71,1,11,794,22,1,0,0,0
8783,0,57045.0,40,3,0,0,74,1,12,454,18,1,0,0,0
10010,1,36957.0,43,9,0,1,71,0,12,152,11,2,0,1,1
618,1,69389.0,17,4,0,0,47,1,12,797,22,1,0,0,0
9121,0,80134.0,40,6,0,1,52,1,11,1690,16,1,3,2,2
361,1,43142.0,84,7,0,0,55,1,10,20,4,2,0,1,1
2678,0,34412.0,62,9,0,0,34,0,11,209,11,1,0,1,1
6376,0,57537.0,83,4,0,0,45,0,11,545,19,1,0,0,0
524,2,22634.0,47,8,0,0,58,1,11,96,6,0,0,1,1
10341,0,51315.0,45,2,0,0,76,1,10,222,10,0,0,0,0
5654,0,36026.0,34,6,0,0,52,1,10,61,7,3,0,1,1
4098,0,24639.0,3,6,0,0,51,1,10,44,9,2,0,1,1
5824,1,34578.0,1,6,0,0,52,1,10,8,4,3,0,1,1
2561,0,63810.0,45,8,0,0,58,0,12,1371,23,1,1,0,0
5229,1,54132.0,81,7,0,0,55,1,10,42,5,1,0,1,1
4086,0,19107.0,77,8,0,0,65,1,12,60,5,0,0,1,1
2428,0,28164.0,23,7,0,0,54,1,11,78,9,1,0,1,1
8254,1,34596.0,48,8,0,0,50,1,11,23,4,1,0,1,1
2836,1,43269.0,61,8,0,0,52,1,11,19,4,1,0,1,1
8418,2,38741.0,60,7,0,0,66,0,10,61,7,2,0,1,1
1362,0,31907.0,75,7,0,0,52,0,11,449,14,0,0,1,1
7152,1,27100.0,64,7,0,0,41,1,11,37,5,1,0,1,1
10033,2,31163.0,54,6,0,0,51,0,10,38,5,1,0,1,1
9349,0,83917.0,84,2,0,0,39,1,11,1131,23,0,2,2,2
274,0,34853.0,75,6,0,0,51,0,11,34,7,2,0,1,1
3388,0,70844.0,16,7,0,0,57,0,11,294,17,2,0,1,1
922,2,31086.0,79,8,0,0,45,1,11,48,6,2,1,1,1
8588,0,60544.0,92,6,0,0,63,1,12,289,15,2,0,0,0
2518,2,20491.0,16,7,0,0,38,1,11,30,4,0,0,1,1
574,0,42523.0,96,2,0,0,60,1,10,125,7,0,0,0,0
3220,0,39922.0,30,8,0,0,41,1,11,156,9,1,0,1,1
5967,0,33402.0,60,8,0,0,72,1,11,70,9,2,0,1,1
1183,1,36408.0,11,6,0,0,75,1,11,22,4,2,0,1,1
6856,0,21645.0,75,9,0,1,45,1,12,65,9,1,0,1,1
4530,1,78427.0,36,3,0,1,76,0,12,1930,23,0,1,2,2
4682,0,51876.0,88,1,0,0,66,1,11,310,13,0,0,0,0
5221,0,52852.0,93,8,0,0,67,1,12,879,26,1,1,0,0
1232,1,70038.0,54,2,0,0,42,1,11,1244,17,0,0,0,0
1927,2,69401.0,41,2,0,0,51,1,10,690,17,1,0,0,0
5788,0,46053.0,46,5,0,0,52,1,11,209,12,1,0,1,1
6246,0,73892.0,40,1,0,1,71,0,11,1507,23,0,0,2,2
5975,1,40304.0,82,7,0,0,57,0,11,57,6,1,0,1,1
6875,1,32727.0,38,8,0,0,59,1,12,529,17,0,0,1,1
4399,0,68695.0,3,2,0,0,55,1,10,1091,16,0,0,0,0
4042,0,43300.0,87,8,0,1,53,0,12,180,11,1,0,1,1
2157,0,26290.0,49,6,0,0,52,1,11,77,10,2,0,1,1
10133,0,83917.0,16,2,0,1,54,0,10,2349,25,0,3,2,2
2525,1,38410.0,65,6,0,1,50,1,12,534,18,0,0,2,2
8233,1,64866.0,9,5,0,0,74,0,10,556,21,1,1,0,0
9483,0,57957.0,24,3,1,0,65,1,11,637,25,1,0,0,0
2945,1,46015.0,25,7,0,0,69,1,10,46,5,2,2,1,1
10403,0,19107.0,43,7,0,0,46,1,10,44,9,1,0,1,1
5074,1,28072.0,10,7,0,0,38,1,11,47,5,1,0,1,1
10524,1,49476.0,29,2,0,0,61,0,11,795,22,1,0,0,0
4690,0,50725.0,45,8,0,0,71,1,11,586,21,1,0,0,0
7521,0,83844.0,57,1,0,0,72,1,11,1574,20,0,1,0,0
7196,1,41145.0,20,3,0,0,74,1,10,13,4,2,0,1,1
4406,0,67419.0,29,5,0,0,54,1,11,1471,25,1,0,0,0
9672,2,23162.0,82,6,0,0,54,1,11,65,8,2,0,1,1
4864,0,34380.0,68,8,0,0,47,1,11,175,12,1,0,1,1
4706,0,34704.0,65,5,0,0,58,0,11,40,5,1,0,1,1
4070,1,83917.0,99,7,0,1,55,1,12,1078,18,2,2,2,2
25,0,65148.0,9,4,0,0,66,1,12,1115,21,1,0,0,0
3697,0,39898.0,20,7,0,0,70,1,11,134,9,1,0,1,1
4220,1,59892.0,26,3,0,0,54,1,11,87,7,1,0,1,1
5286,1,41020.0,68,3,0,0,37,0,11,217,10,0,0,1,1
9559,1,57072.0,79,5,0,0,63,1,10,1034,27,1,1,0,0
7787,0,62807.0,83,5,0,0,64,1,12,819,23,1,0,0,0
3102,2,19414.0,32,8,0,0,43,1,11,32,5,1,0,1,1
5868,0,19107.0,49,7,0,0,44,1,11,46,6,1,0,1,1
9988,1,70379.0,84,4,0,0,48,0,11,860,25,1,0,0,0
2939,1,79419.0,96,2,0,0,54,1,10,1631,15,0,0,0,0
5529,1,64014.0,56,7,0,0,78,1,10,444,22,3,1,0,0
5763,1,49854.0,63,6,0,0,52,1,11,380,18,1,0,1,1
7494,1,42873.0,11,8,0,0,74,0,11,269,15,2,0,1,1
7250,0,57867.0,48,6,0,0,46,1,11,612,25,1,0,0,0
2005,0,35765.0,86,6,0,0,34,1,11,75,8,1,0,1,1
6885,0,32952.0,36,7,0,0,47,0,11,55,6,1,0,1,1
2072,1,53374.0,34,9,0,1,55,1,12,1064,21,1,1,2,2
9463,0,71706.0,16,5,0,0,65,1,12,1443,25,1,0,0,0
6318,0,68487.0,48,4,0,0,36,1,11,1366,30,0,0,0,0
4093,1,53253.0,61,5,0,0,49,1,11,436,19,2,0,1,1
5751,2,31163.0,54,6,0,0,51,0,10,38,5,1,0,1,1
3340,0,42014.0,56,8,0,1,47,1,12,436,20,1,0,1,1
3584,1,49667.0,35,8,0,1,69,0,12,1396,22,0,1,2,2
3643,1,63206.0,65,2,0,0,50,1,10,928,14,0,1,0,0
10128,0,53977.0,21,5,0,0,66,1,11,907,27,1,0,0,0
486,0,83917.0,27,1,0,0,36,1,10,1198,18,0,0,0,0
9,1,46098.0,86,8,0,0,49,0,12,120,11,2,0,1,1
9451,0,73538.0,92,7,0,0,59,1,12,1658,26,1,0,0,0
3865,2,20981.0,14,8,0,1,47,1,11,73,7,0,0,1,1
2853,0,51766.0,74,5,0,0,44,0,10,275,12,1,0,1,1
1490,0,55759.0,84,8,0,0,62,1,12,854,26,1,0,0,0
6310,0,33039.0,4,5,0,0,46,1,11,78,7,1,0,1,1
10380,1,37787.0,50,8,0,0,52,1,11,106,7,1,0,1,1
3887,0,27242.0,2,9,0,1,54,0,12,106,7,1,0,1,1
4278,1,83917.0,73,3,0,1,41,0,11,1923,19,0,0,2,2
1998,0,37697.0,82,6,0,0,48,0,10,84,7,1,0,1,1
10795,1,37401.0,14,7,0,0,51,1,10,48,7,1,0,1,1
11110,0,19107.0,56,14,0,0,51,0,11,5,0,1,0,1,1
7998,0,28087.0,77,7,0,0,66,1,12,112,9,2,0,1,1
3536,0,19740.0,65,5,0,0,64,1,11,55,7,1,0,1,1
6050,2,57036.0,33,9,0,0,49,1,12,1513,26,1,1,2,2
125,2,53083.0,65,7,0,0,66,1,11,271,17,2,1,1,1
3463,1,69283.0,41,5,0,0,49,1,10,904,27,1,0,0,0
2804,1,46098.0,86,8,0,1,49,0,12,120,11,2,0,1,1
3745,2,23331.0,92,8,0,0,36,1,12,103,8,1,0,1,1
9771,2,23331.0,97,9,0,0,36,0,12,269,17,1,0,1,1
451,0,19107.0,91,8,0,0,35,0,11,22,5,1,0,1,1
10530,1,67786.0,0,1,0,1,65,0,11,1156,16,0,0,2,2
1079,1,71969.0,59,8,0,0,53,1,12,1086,19,1,1,0,0
8920,1,59235.0,4,7,0,0,57,0,11,1128,28,1,0,0,0
6678,0,31928.0,5,7,0,0,35,1,10,72,9,1,0,1,1
3852,1,74881.0,48,5,0,0,63,1,11,964,27,2,0,0,0
73,1,51411.0,81,5,0,0,71,0,11,18,4,3,0,1,1
5589,0,51983.0,95,7,0,0,60,0,12,793,24,1,0,0,0
10212,1,42386.0,43,8,0,0,38,1,11,100,7,1,0,1,1
6365,2,30390.0,5,6,0,0,37,1,11,80,6,0,0,1,1
5636,0,30983.0,50,8,0,1,61,0,12,167,8,0,0,1,1
591,0,66033.0,76,7,0,0,67,0,11,677,20,1,0,0,0
2217,2,37284.0,46,6,0,0,49,1,11,23,4,2,0,1,1
2544,1,57530.0,68,1,0,0,73,0,11,92,7,1,0,0,0
7725,2,76800.0,33,1,0,0,59,1,10,641,16,0,0,0,0
7321,0,76081.0,85,2,0,0,62,1,10,1033,14,0,1,0,0
5462,0,67445.0,63,6,0,0,50,1,12,1174,32,1,0,0,0
7791,1,37054.0,89,7,0,0,57,1,11,25,6,2,0,1,1
955,1,47175.0,81,8,0,1,62,1,12,240,17,2,1,1,1
4037,0,31859.0,77,7,0,0,48,0,11,20,4,1,0,1,1
6642,0,27215.0,50,6,0,0,63,0,11,102,11,3,0,1,1
2793,1,70179.0,10,5,0,0,48,0,11,1034,26,1,0,0,0
5424,0,39922.0,30,8,0,0,41,1,11,156,9,1,0,1,1
879,1,49681.0,66,7,0,0,48,1,11,458,21,2,0,1,1
9530,0,24645.0,16,8,0,0,36,1,12,17,4,1,0,1,1
4828,0,79865.0,12,1,0,0,70,0,10,792,21,1,0,0,0
10699,0,44322.0,30,8,0,0,39,1,10,92,8,1,0,1,1
1497,0,47958.0,8,5,0,0,72,0,11,407,16,1,0,0,0
7476,1,63972.0,93,4,0,0,60,0,12,1269,23,1,1,0,0
4390,0,75315.0,14,2,0,0,70,1,10,841,23,1,0,0,0
10478,1,55517.0,53,9,0,1,74,1,12,633,23,2,0,1,1
4261,1,82800.0,23,3,0,1,78,0,12,1315,26,0,2,2,2
9916,0,38998.0,92,8,1,0,70,1,12,54,8,2,0,1,1
8135,1,27161.0,41,7,0,0,38,1,11,52,5,1,0,1,1
8685,0,42014.0,56,8,0,1,47,1,12,436,20,1,0,1,1
4967,1,38201.0,19,8,0,0,64,1,11,268,15,1,0,1,1
2130,0,45203.0,4,6,0,1,42,1,10,147,8,2,0,1,1
9298,1,81574.0,89,1,0,0,77,1,10,1798,18,0,2,0,0
8175,0,34935.0,71,7,0,0,32,1,11,137,8,0,0,1,1
6257,1,60482.0,81,7,0,0,48,0,11,507,17,1,0,1,1
3790,0,34633.0,31,6,0,0,68,1,10,15,4,3,0,1,1
9952,1,78093.0,53,1,0,0,77,1,11,1105,17,0,0,0,0
3503,0,82460.0,78,1,0,0,74,0,11,974,15,0,0,0,0
5223,1,45903.0,80,4,0,0,58,1,10,66,8,1,0,1,1
4608,0,81361.0,18,1,0,1,37,0,10,778,27,0,0,2,2
1626,1,35860.0,37,5,0,1,51,0,10,49,6,2,1,1,1
4764,1,40442.0,52,7,0,1,72,1,12,169,12,2,0,1,1
2471,0,61482.0,39,2,0,0,59,1,10,299,12,0,0,0,0
5892,0,34968.0,11,7,0,0,44,1,11,221,17,1,0,1,1
4971,1,31497.0,22,8,0,0,62,1,12,155,10,1,0,1,1
10069,2,19107.0,43,9,0,0,36,1,12,58,5,1,1,1,1
2262,1,45143.0,74,7,0,0,59,1,11,311,15,1,0,1,1
1131,1,52569.0,54,3,0,0,57,0,10,95,7,1,0,1,1
1041,1,48432.0,3,8,0,1,51,0,12,424,19,1,0,2,2
24,1,19107.0,96,7,0,0,64,1,10,47,12,2,0,1,1
3409,0,36108.0,68,9,0,0,40,0,11,339,15,1,1,1,1
7022,0,76445.0,2,6,0,0,53,1,12,1410,21,1,0,0,0
7943,1,36663.0,40,2,0,0,49,1,10,35,6,1,0,1,1
5272,1,53843.0,64,7,0,0,59,1,11,562,20,1,0,0,0
2565,1,70638.0,69,3,0,0,69,0,11,1334,20,0,1,0,0
800,0,44512.0,57,4,0,0,64,1,11,32,6,2,0,1,1
11092,0,27116.0,78,7,0,0,63,1,10,41,7,2,0,1,1
5062,1,54072.0,71,8,0,0,61,1,11,39,5,2,0,1,1
8969,0,71855.0,59,3,0,0,47,1,11,1141,25,1,0,0,0
4656,2,51250.0,28,9,0,0,34,0,11,710,24,1,1,1,1
4480,1,60432.0,61,6,0,0,51,1,10,401,19,1,0,0,0
9971,1,65526.0,22,2,0,0,60,1,10,506,17,1,0,0,0
6729,0,68655.0,95,3,0,0,36,0,12,1538,21,0,0,0,0
1773,2,19107.0,38,9,0,0,46,1,12,57,6,0,0,1,1
1764,0,33955.0,92,8,0,0,49,0,11,270,15,1,0,1,1
6215,0,31353.0,24,8,0,1,47,1,11,31,6,2,0,1,1
10099,0,55434.0,21,4,0,0,40,1,11,882,24,1,0,0,0
5423,0,28359.0,35,7,0,0,41,1,11,16,4,1,0,1,1
940,0,57100.0,9,3,0,0,37,0,10,311,14,1,0,1,1
3011,0,69139.0,23,4,0,0,59,1,10,227,11,1,0,0,0
3298,1,52973.0,92,8,0,0,68,1,12,1152,31,1,0,0,0
8286,1,51717.0,55,7,0,0,59,1,11,122,8,1,1,1,1
9668,0,19107.0,14,8,0,0,53,1,11,77,9,1,0,1,1
7019,0,54414.0,49,4,0,0,61,1,11,211,13,2,0,1,1
7408,1,54549.0,8,7,0,0,72,1,10,233,12,1,0,1,1
8041,1,47111.0,35,9,0,0,53,0,12,1092,21,1,0,1,1
252,1,41003.0,11,6,0,0,61,0,11,601,17,0,0,1,1
9986,0,19444.0,8,7,0,1,42,1,10,54,10,1,0,1,1
3276,2,36301.0,53,7,0,0,48,1,11,78,7,1,0,1,1
3859,1,73059.0,36,4,0,0,77,1,11,1095,26,1,0,0,0
3570,1,42731.0,64,5,0,0,55,1,11,244,13,1,0,1,1
3783,1,52854.0,43,5,0,0,65,1,10,116,9,2,0,1,1
10207,0,22775.0,40,8,0,0,46,1,11,15,4,1,0,1,1
10906,1,46681.0,52,5,0,0,76,1,11,425,16,2,0,0,0
3427,1,59821.0,11,8,0,0,69,1,11,734,26,1,0,0,0
5209,0,50002.0,21,7,0,0,70,0,11,638,19,1,0,0,0
10711,0,69755.0,23,1,0,0,79,1,11,894,22,0,0,0,0
10785,0,44078.0,17,5,0,0,55,1,10,41,7,2,0,1,1
2814,1,30560.0,6,7,0,0,48,1,11,31,5,1,0,1,1
6866,1,35924.0,56,5,0,0,55,1,10,34,5,2,0,1,1
6575,0,56386.0,51,9,0,0,43,1,12,612,25,2,0,1,1
3829,2,24594.0,94,5,0,0,45,1,11,29,5,1,0,1,1
10141,1,39228.0,1,4,0,0,64,0,11,20,4,0,0,1,1
5177,1,58494.0,56,6,0,0,50,1,11,396,16,1,0,1,1
7005,0,58684.0,71,2,0,0,43,0,10,813,21,0,1,0,0
6409,0,57136.0,18,6,0,1,57,0,11,1179,20,0,0,2,2
7485,1,56551.0,48,4,0,0,74,0,10,138,10,2,0,1,1
8079,0,22448.0,86,3,0,0,42,1,10,55,9,1,0,1,1
10352,0,34213.0,2,9,0,1,61,0,12,117,9,2,0,1,1
13,1,25358.0,57,6,0,0,77,0,11,32,6,1,0,1,1
1834,1,35544.0,77,7,0,0,46,0,10,67,6,1,0,1,1
2285,1,36634.0,0,7,0,0,70,1,11,335,15,1,0,1,1
2295,1,62670.0,57,3,0,0,70,1,10,825,22,1,0,0,0
1378,2,50334.0,24,6,0,0,52,1,11,694,23,1,0,0,0
2781,0,72066.0,55,2,0,1,43,0,10,1792,17,0,2,2,2
1404,0,34916.0,89,9,0,0,56,1,11,231,13,2,0,1,1
6457,0,64892.0,77,4,0,0,48,0,10,902,24,1,0,0,0
2639,0,43602.0,45,6,0,0,58,0,10,68,9,2,0,1,1
8299,1,33996.0,46,4,0,0,35,0,11,71,6,0,0,1,1
6437,2,41473.0,80,7,0,0,39,0,11,76,6,1,0,1,1
6912,1,63246.0,60,4,0,0,57,1,11,772,22,2,0,0,0
7327,1,36732.0,71,2,0,0,65,1,11,47,9,2,0,1,1
5299,1,69084.0,43,8,0,0,54,1,11,1586,25,1,0,0,0
4127,1,77766.0,97,6,0,1,57,1,11,1529,34,1,1,2,2
8143,1,37929.0,49,7,0,1,39,0,11,265,13,0,2,2,2
3690,1,80141.0,20,6,0,1,38,1,11,2091,22,0,1,2,2
3433,2,72635.0,54,3,0,0,69,1,11,981,21,0,1,0,0
3389,0,69016.0,61,5,0,0,54,1,12,1533,34,1,0,0,0
4712,2,20193.0,18,4,0,0,33,1,12,82,7,0,0,1,1
1170,0,27573.0,45,8,0,0,49,1,11,244,14,1,0,1,1
6347,2,19107.0,26,8,0,0,45,0,11,36,5,1,0,1,1
4065,1,49544.0,0,7,0,0,48,1,11,404,16,1,0,1,1
8230,0,33228.0,28,7,0,0,44,1,10,71,6,1,0,1,1
1215,0,70440.0,49,3,0,0,46,1,11,1572,23,0,1,0,0
5939,0,38232.0,84,5,0,0,53,1,10,122,11,2,0,1,1
2156,1,22554.0,38,5,0,0,69,1,12,41,10,2,0,1,1
7788,1,23536.0,53,3,0,0,41,1,10,10,4,1,0,1,1
10323,0,49413.0,88,5,0,0,72,1,11,304,13,1,0,0,0
7947,0,42231.0,99,5,0,0,55,1,10,37,5,2,0,1,1
2570,0,56534.0,35,8,0,1,56,1,11,815,25,1,2,2,2
9256,0,58350.0,5,6,0,0,53,0,11,1001,27,1,0,0,0
295,0,81217.0,77,1,0,0,35,0,11,1157,22,0,0,0,0
7397,0,49090.0,45,7,0,0,73,0,11,688,21,1,0,0,0
6349,1,61787.0,71,5,0,0,37,0,11,1319,19,0,0,0,0
10790,1,19107.0,40,8,0,0,39,1,11,21,4,1,0,1,1
10398,2,24336.0,82,7,0,0,43,0,12,31,4,1,0,1,1
2431,0,19107.0,70,8,0,0,34,1,12,67,6,0,0,1,1
550,0,62335.0,87,2,0,0,72,0,11,708,21,1,0,0,0
1890,2,42033.0,95,7,0,0,53,1,12,25,4,2,0,1,1
10742,1,83917.0,72,1,0,0,41,1,11,746,11,0,1,0,0
10356,1,41437.0,5,7,0,0,67,0,12,32,5,2,0,1,1
8852,0,61064.0,80,6,0,0,48,1,12,1080,28,1,0,0,0
3565,1,38452.0,62,7,0,0,69,1,10,72,9,2,0,1,1
5294,0,19107.0,49,7,0,0,35,0,11,57,10,1,0,1,1
1958,1,55012.0,85,5,0,0,51,1,10,660,25,1,0,0,0
7349,2,19107.0,7,8,0,1,51,1,12,103,11,1,0,1,1
8799,1,38175.0,6,7,0,0,40,1,11,153,11,1,0,1,1
1351,1,58656.0,25,6,0,0,68,1,12,1220,32,1,1,0,0
1045,0,52117.0,55,7,0,0,59,1,12,279,13,1,0,1,1
7732,0,64813.0,81,5,0,0,46,1,10,745,20,1,0,0,0
8070,1,54222.0,98,3,0,0,51,1,10,264,12,1,0,0,0
477,0,83512.0,31,1,0,1,38,1,10,2157,22,0,4,2,2
7832,1,77520.0,30,4,0,1,65,1,11,1526,23,1,3,2,2
2202,0,41154.0,98,5,0,0,46,1,11,69,6,1,0,1,1
4055,2,19107.0,41,6,0,0,32,0,10,64,8,1,0,1,1
10340,0,35196.0,68,8,0,0,40,1,12,497,18,1,0,1,1
10091,0,60230.0,78,5,0,0,68,0,11,1067,17,1,0,0,0
7629,0,22108.0,46,7,0,0,47,1,10,31,7,2,0,1,1
10640,0,44392.0,71,7,0,0,50,1,11,211,14,2,0,1,1
3498,1,55424.0,6,6,0,1,48,1,12,877,25,1,1,2,2
6742,0,19107.0,82,8,1,0,45,1,11,11,4,1,0,1,1
4686,1,82571.0,28,2,0,0,62,0,10,1686,24,0,1,2,2
1381,1,38513.0,20,8,0,1,42,0,10,324,17,1,0,1,1
2634,1,19107.0,10,6,0,1,45,0,10,69,9,1,0,1,1
10905,0,42586.0,7,8,0,1,69,1,12,252,16,2,0,1,1
1744,2,23529.0,67,6,0,0,59,0,11,54,5,1,0,1,1
1000,1,74881.0,48,5,0,0,63,1,11,964,27,2,0,0,0
8605,1,46910.0,36,6,0,0,60,1,10,68,7,2,0,1,1
10304,0,19107.0,77,8,0,0,65,1,12,60,5,0,0,1,1
4351,0,37244.0,90,7,0,0,69,0,11,55,5,2,1,1,1
2499,2,75342.0,38,4,0,0,66,0,11,563,18,1,0,0,0
10092,0,70044.0,46,5,0,0,70,0,11,1504,26,1,0,0,0
7500,0,79146.0,33,6,0,0,57,0,10,564,19,2,0,0,0
5796,0,77437.0,70,1,0,0,61,1,11,1125,23,0,1,0,0
10556,0,54984.0,51,7,0,0,65,1,10,358,17,1,1,0,0
1064,1,42403.0,18,8,0,0,53,1,11,42,5,1,0,1,1
48,0,55761.0,97,6,0,0,60,1,10,184,10,1,1,0,0
7610,0,37292.0,32,8,0,0,41,1,11,460,19,1,0,1,1
263,1,45576.0,9,8,0,1,79,0,10,145,8,0,0,1,1
10814,0,70321.0,6,4,0,1,77,1,11,1376,25,0,0,2,2
9710,1,58086.0,80,8,0,0,55,0,11,792,23,1,0,0,0
9292,0,81795.0,74,2,0,0,72,1,12,1382,23,0,0,0,0
10250,2,28389.0,49,7,0,0,77,1,12,28,4,0,0,1,1
7881,1,66835.0,21,2,0,0,78,1,11,1033,24,0,0,0,0
5847,0,69901.0,95,5,0,0,55,0,11,882,23,1,0,0,0
3571,1,63342.0,48,6,0,1,63,1,12,1101,19,1,1,2,2
7807,0,44989.0,26,6,0,0,50,1,12,369,16,1,0,1,1
3878,2,31859.0,3,7,0,0,44,0,10,48,5,1,0,1,1
5092,1,51569.0,39,8,0,1,75,0,11,467,19,1,1,2,2
2154,0,30372.0,33,7,0,0,53,0,12,44,8,2,0,1,1
5394,2,19107.0,42,3,0,0,45,0,11,38,10,2,0,1,1
3798,0,41120.0,80,6,0,0,56,1,11,81,9,2,0,1,1
3524,1,39763.0,9,9,0,1,53,0,11,167,10,1,0,1,1
5247,1,38725.0,52,4,0,0,69,1,10,45,7,2,0,1,1
5883,0,77981.0,78,5,0,0,52,1,11,664,21,1,0,0,0
2118,2,62905.0,68,4,0,0,60,1,11,622,20,1,0,0,0
8812,2,19107.0,45,7,0,0,45,0,11,48,7,1,0,1,1
6616,0,59481.0,47,2,0,0,49,1,11,461,16,1,0,0,0
2797,0,72117.0,34,5,0,0,47,1,11,1073,26,1,0,0,0
4328,2,21955.0,81,6,0,0,38,1,11,55,8,1,0,1,1
9167,0,67131.0,72,6,0,0,68,1,11,976,26,1,0,0,0
10560,1,36802.0,23,5,0,0,44,0,10,20,5,1,0,1,1
2631,0,71853.0,29,1,0,0,42,1,11,1149,17,0,0,0,0
8312,2,28249.0,80,6,0,0,63,1,10,43,6,0,0,1,1
5534,1,47808.0,30,7,0,0,49,1,11,224,10,1,1,1,1
5093,1,25509.0,15,9,0,1,50,0,12,101,9,1,0,1,1
7592,1,51012.0,86,6,0,0,78,1,11,209,10,0,0,0,0
8895,0,70596.0,68,2,0,0,39,0,12,968,21,0,0,0,0
8584,1,83917.0,54,0,0,0,72,1,11,1165,17,0,0,0,0
2694,0,42664.0,44,6,0,0,57,1,10,24,5,1,0,1,1
8910,0,42586.0,7,8,0,1,69,1,12,252,16,2,0,1,1
7433,0,29760.0,87,8,0,0,39,0,12,165,12,1,0,1,1
164,1,28973.0,59,8,0,0,47,1,12,269,13,0,0,1,1
10477,1,39435.0,16,7,0,0,51,1,11,102,7,1,0,1,1
2681,2,65370.0,1,1,0,0,40,1,11,461,19,0,0,0,0
5150,2,20194.0,64,6,0,0,45,0,12,47,7,1,0,1,1
5283,1,42473.0,72,5,0,0,48,0,10,144,10,2,0,1,1
9645,0,64590.0,98,6,0,0,56,1,12,1338,24,0,0,0,0
10678,0,71232.0,91,7,0,0,65,1,11,917,25,1,0,0,0
7261,0,34600.0,8,8,0,1,53,1,11,318,17,2,0,1,1
9648,0,46904.0,20,8,0,0,57,0,12,253,14,2,0,1,1
2870,0,49094.0,6,6,0,0,51,1,12,502,20,1,0,1,1
8008,0,36075.0,54,6,0,0,41,1,11,119,7,1,0,1,1
6173,0,77298.0,46,3,0,0,45,1,11,969,24,1,0,0,0
1419,0,34026.0,11,5,0,0,74,1,11,76,9,2,0,1,1
9150,1,48918.0,21,4,0,0,61,0,10,62,7,2,0,1,1
7960,2,82122.0,89,1,0,0,62,1,11,1382,26,0,1,0,0
1250,0,37697.0,82,6,0,0,48,0,10,84,7,1,0,1,1
9905,0,34074.0,69,6,0,0,72,1,11,255,14,2,1,1,1
10691,1,28520.0,55,6,0,0,64,1,11,43,5,2,0,1,1
7002,0,62535.0,13,3,0,0,69,0,11,398,14,1,0,0,0
2952,1,36273.0,80,6,0,0,47,0,10,76,8,1,0,1,1
8439,0,63404.0,97,4,0,0,60,1,10,902,15,2,1,0,0
2831,0,78416.0,99,3,0,0,48,1,10,1179,26,1,0,0,0
6977,0,75702.0,87,6,0,0,50,1,12,1921,29,1,1,0,0
6289,1,59385.0,85,5,0,0,73,1,11,185,10,2,0,1,1
8397,0,44689.0,82,7,0,0,73,1,10,34,6,2,1,1,1
9284,0,53977.0,21,5,0,0,66,1,11,907,27,1,0,0,0
3130,0,19107.0,95,5,0,0,60,0,11,44,10,2,0,1,1
1990,1,63159.0,74,3,0,0,50,0,12,1797,17,0,1,2,2
5513,0,37758.0,49,8,0,0,58,1,12,40,6,2,0,1,1
269,1,46757.0,71,9,0,0,61,0,12,1143,21,1,0,0,0
8093,1,79734.0,72,1,0,0,55,1,10,914,14,0,1,0,0
10177,0,72071.0,4,2,0,0,70,0,11,1338,20,1,0,0,0
2549,1,21840.0,80,9,0,0,41,1,11,27,5,1,0,1,1
5782,2,58582.0,15,5,0,0,42,1,11,763,22,1,1,0,0
10057,0,72282.0,70,7,0,1,73,0,11,1331,22,0,0,2,2
10307,0,50387.0,91,5,0,0,68,1,11,525,19,2,0,0,0
8566,1,32583.0,10,7,0,0,63,1,10,9,4,2,0,1,1
2415,0,62568.0,99,4,0,0,62,1,10,953,16,1,1,0,0
5684,1,44635.0,25,7,0,0,53,0,11,68,7,2,0,1,1
8334,1,33316.0,34,6,0,0,53,0,11,131,10,2,0,1,1
9166,0,63967.0,57,2,0,0,56,1,11,882,23,1,0,0,0
78,0,25293.0,51,8,0,0,55,1,11,37,5,1,0,1,1
5441,1,54111.0,97,5,0,0,59,0,11,388,15,1,0,0,0
4687,1,80739.0,92,1,0,0,66,1,11,1633,24,0,0,0,0
1087,1,22669.0,30,9,0,1,49,1,11,173,10,1,0,1,1
6859,0,29236.0,30,9,0,0,37,0,11,99,9,1,0,1,1
9860,0,44911.0,11,7,0,0,65,1,11,215,12,1,0,1,1
7129,1,54693.0,72,6,0,0,62,1,11,929,31,1,0,0,0
5866,0,48186.0,39,7,0,0,50,1,10,219,12,1,0,1,1
10521,0,54809.0,0,4,0,1,47,1,11,174,12,2,0,1,1
7393,0,41580.0,15,5,0,0,46,1,12,92,9,2,0,1,1
7849,1,80336.0,12,1,0,0,54,1,11,1052,25,0,0,0,0
332,0,47743.0,56,6,0,0,67,1,11,275,14,1,1,0,0
9847,2,62972.0,39,6,0,0,69,1,12,587,16,1,0,0,0
9576,1,32313.0,60,9,0,0,42,1,11,159,11,1,0,1,1
6906,1,83917.0,73,2,0,1,71,0,11,1024,18,0,3,2,2
7419,1,27071.0,90,6,0,0,56,0,10,35,7,1,0,1,1
3170,1,68148.0,86,2,0,0,67,1,11,1042,15,0,0,0,0
8527,1,65735.0,37,7,0,0,59,1,11,395,19,2,0,1,1
7872,1,83917.0,7,5,0,1,49,1,12,557,23,0,3,2,2
10595,0,30093.0,19,7,0,0,34,1,11,69,6,0,0,1,1
4609,1,57705.0,14,6,0,0,58,1,10,486,18,1,0,0,0
5010,0,25008.0,72,8,0,0,36,0,10,34,6,1,0,1,1
4427,2,83257.0,56,6,1,1,29,0,12,1365,28,0,2,2,2
11148,0,22280.0,85,8,0,0,49,1,11,13,4,1,0,1,1
10163,1,82733.0,28,4,0,1,40,0,11,1323,20,0,0,2,2
2886,1,74290.0,70,6,0,0,53,0,11,1217,32,1,2,2,2
6710,1,58217.0,84,6,0,0,73,0,12,103,7,3,0,1,1
5316,1,21024.0,89,7,0,0,48,1,11,84,7,0,0,1,1
9029,1,70116.0,73,1,0,0,52,1,11,1536,23,0,0,0,0
521,0,54006.0,42,7,0,0,39,1,12,581,18,1,0,1,1
1459,1,69063.0,16,3,0,0,58,1,12,928,14,1,0,0,0
10241,2,19107.0,16,6,0,0,49,0,11,14,4,0,0,1,1
1630,0,61825.0,56,4,0,0,45,0,11,424,15,1,0,0,0
3254,0,70886.0,65,2,0,0,53,1,11,960,14,1,0,0,0
9064,0,69109.0,10,4,0,1,42,1,12,1555,20,0,1,2,2
4227,1,32889.0,78,5,0,0,56,1,11,55,9,2,0,1,1
9467,0,34738.0,51,6,0,0,40,0,10,20,5,1,0,1,1
8486,1,30538.0,27,10,0,0,53,1,12,367,17,1,0,1,1
2186,2,82326.0,30,2,0,1,47,1,10,2257,22,0,3,2,2
3286,1,26642.0,71,6,0,0,57,0,10,42,7,1,0,1,1
3722,0,44503.0,83,6,0,0,52,0,10,48,7,2,0,1,1
6715,1,60200.0,3,6,0,0,76,0,11,685,25,1,0,0,0
4796,0,49638.0,71,2,0,0,72,0,10,39,5,1,0,1,1
9612,2,23830.0,3,7,0,0,37,0,10,43,5,0,0,1,1
1570,1,69702.0,8,4,0,0,73,1,11,1039,26,1,0,0,0
3426,0,70300.0,89,8,0,0,49,0,11,1596,26,1,0,0,0
3074,1,70643.0,66,6,0,1,40,1,12,1828,18,0,0,2,2
8341,1,30396.0,22,7,0,1,55,1,10,34,6,1,1,1,1
5180,1,50616.0,56,7,0,0,56,0,10,149,10,1,0,1,1
6461,1,62772.0,74,2,0,0,55,0,11,946,23,1,1,0,0
7679,1,30298.0,48,3,0,0,39,0,10,28,6,0,0,1,1
10702,0,52413.0,67,7,0,0,40,0,12,450,17,1,0,1,1
7505,1,44155.0,24,4,0,0,67,1,10,46,5,2,0,1,1
5113,1,83917.0,67,2,0,1,53,0,11,1702,16,0,1,2,2
10858,0,76532.0,38,5,0,0,49,1,11,820,25,2,0,0,0
2961,0,42081.0,86,6,0,0,42,1,11,382,15,1,1,1,1
2747,1,67546.0,90,3,0,0,36,1,12,2126,20,0,0,0,0
5790,0,31158.0,62,8,0,0,39,1,11,72,7,1,0,1,1
6892,0,61671.0,23,8,0,0,56,0,10,732,28,1,2,2,2
1743,0,69719.0,99,1,0,0,50,0,10,801,11,0,0,0,0
3578,0,49160.0,29,6,0,0,75,0,11,236,12,1,0,1,1
8462,2,24882.0,52,6,0,0,46,1,12,80,5,1,1,1,1
5558,1,83917.0,90,1,0,0,70,0,10,1685,15,0,1,0,0
8780,1,59292.0,71,3,0,0,74,1,11,507,18,1,0,0,0
10789,1,45759.0,13,7,0,0,60,1,11,68,7,2,0,1,1
10779,0,22148.0,16,7,0,0,41,0,10,49,5,0,0,1,1
5896,1,73395.0,94,2,0,0,37,1,10,397,15,0,0,0,0
2337,0,29819.0,77,6,0,0,53,0,11,39,9,1,0,1,1
10951,0,45688.0,20,4,0,0,56,1,10,306,14,1,1,0,0
544,0,62820.0,51,1,0,0,70,1,11,976,14,0,0,0,0
17,1,60491.0,81,5,0,0,53,1,11,1028,28,1,0,0,0
10680,0,33235.0,71,7,0,0,38,1,10,70,7,1,0,1,1
3265,0,35701.0,36,6,0,0,65,1,11,46,5,0,0,1,1
5623,1,31535.0,95,7,0,0,44,1,11,51,5,1,1,1,1
5544,0,67384.0,32,5,0,0,54,0,12,1490,22,1,1,2,2
6417,1,80573.0,85,2,0,0,53,1,12,1564,24,0,0,0,0
5831,0,77870.0,93,8,0,1,57,1,12,1815,18,1,2,2,2
7101,1,52278.0,24,8,0,0,61,0,11,1198,31,1,0,0,0
10176,0,57107.0,44,8,0,1,56,0,12,416,23,1,2,2,2
2326,0,19107.0,15,6,0,0,34,1,11,85,6,0,0,1,1
4385,1,36038.0,82,6,0,0,43,0,11,47,8,1,0,1,1
2929,0,20180.0,27,7,0,0,48,0,11,137,8,0,0,1,1
10686,1,34230.0,72,7,0,0,59,1,12,21,4,2,0,1,1
2546,2,31878.0,7,3,0,0,47,0,10,70,6,1,0,1,1
4994,1,77598.0,53,3,0,0,81,0,11,1735,26,0,1,0,0
7966,0,80982.0,48,5,1,0,65,0,11,1191,30,2,0,0,0
3112,1,22701.0,2,5,0,0,47,1,11,24,5,1,0,1,1
10872,1,55212.0,65,8,0,0,55,1,12,1182,20,1,2,2,2
2181,0,70617.0,45,2,0,0,54,1,11,1280,14,0,0,0,0
1867,0,64849.0,42,5,0,1,67,0,12,1336,19,0,0,2,2
1518,1,62694.0,29,7,0,0,59,1,11,749,24,2,0,0,0
5734,1,61917.0,83,5,0,0,50,1,11,91,7,2,0,1,1
2878,1,67472.0,93,3,0,0,77,1,11,414,15,1,0,0,0
1458,1,21059.0,40,6,0,0,42,1,10,44,9,1,0,1,1
7007,1,29543.0,47,7,0,0,56,1,10,63,8,2,0,1,1
6200,0,75903.0,50,3,0,0,73,1,11,901,23,1,0,0,0
1403,2,34984.0,40,7,0,0,49,1,12,38,6,2,0,1,1
4827,1,54998.0,3,4,0,1,68,0,11,455,20,1,0,2,2
6250,1,54356.0,62,8,0,1,75,0,12,775,24,1,0,2,2
9291,1,34242.0,25,5,0,0,65,1,10,15,4,1,0,1,1
2478,0,25410.0,48,4,0,0,51,1,11,38,6,1,0,1,1
1139,1,73356.0,56,2,0,1,40,1,10,1512,22,0,3,2,2
5138,0,28320.0,68,8,0,0,74,1,11,43,5,1,0,1,1
5393,0,23763.0,64,7,0,0,47,0,12,42,5,1,0,1,1
5015,1,34529.0,94,7,0,0,48,1,12,162,9,1,0,1,1
10868,0,70792.0,82,3,0,0,73,0,11,1272,19,0,0,0,0
2495,1,83891.0,24,1,0,0,50,1,10,816,22,1,0,0,0
7842,0,36065.0,54,8,0,0,56,0,11,74,9,2,0,1,1
9955,0,39898.0,20,7,0,0,70,1,11,134,9,1,0,1,1
6663,1,51141.0,96,5,0,0,84,0,11,157,9,0,0,0,0
2162,0,56939.0,19,3,0,0,48,1,11,561,18,1,0,0,0
3434,0,80872.0,60,1,0,0,73,0,10,1336,19,0,0,0,0
7919,1,72335.0,2,8,0,1,48,1,12,2092,23,0,0,2,2
5626,1,61798.0,13,4,0,0,60,0,11,463,16,0,0,0,0
6428,1,76842.0,37,0,0,0,74,0,10,1130,17,0,0,0,0
8514,0,29478.0,59,6,0,0,48,1,10,20,5,1,0,1,1
10448,0,46998.0,55,7,0,0,68,0,12,377,18,1,1,0,0
7530,1,56551.0,48,4,0,0,74,0,10,138,10,2,0,1,1
6355,0,44359.0,19,3,0,0,46,1,10,45,9,2,0,1,1
3517,0,40887.0,32,9,0,1,72,0,11,161,10,2,0,1,1
1158,0,48877.0,27,7,0,0,58,0,10,144,8,1,0,1,1
7165,0,64474.0,59,5,0,0,52,1,11,823,22,1,0,0,0
3595,0,77226.0,29,3,0,0,61,1,10,1138,28,1,0,0,0
8537,0,72643.0,60,2,0,1,75,0,11,1429,21,0,1,2,2
4331,1,83917.0,41,1,0,0,46,1,10,1371,21,0,2,2,2
6281,0,55686.0,27,4,0,0,58,0,11,982,16,1,1,0,0
4338,0,39062.0,28,4,0,0,41,0,10,44,5,1,1,1,1
2452,0,34600.0,8,8,0,1,53,1,11,318,17,2,0,1,1
9507,0,40794.0,18,7,0,0,49,1,11,434,16,1,0,1,1
8360,2,54690.0,76,3,0,0,53,1,11,198,12,2,0,1,1
4867,1,38236.0,2,7,0,0,56,0,11,88,11,2,0,1,1
9289,0,36781.0,16,8,0,1,45,1,10,63,6,1,0,1,1
10913,1,31385.0,56,8,0,1,40,0,12,27,4,1,1,1,1
3032,0,24570.0,97,9,0,0,40,1,11,193,11,1,0,1,1
8524,1,25509.0,15,9,0,1,50,0,12,101,9,1,0,1,1
3334,0,83917.0,35,1,0,0,73,1,10,2211,21,0,2,2,2
4470,1,58646.0,3,4,0,0,62,1,11,140,8,1,0,1,1
1406,0,53201.0,49,7,0,0,49,0,11,415,22,2,0,1,1
8619,0,21994.0,4,5,0,0,67,1,12,22,4,1,0,1,1
10821,0,57113.0,45,7,0,0,46,1,11,263,16,2,0,1,1
4552,0,51373.0,37,4,0,0,33,1,11,393,12,0,0,1,1
898,0,23477.0,39,8,0,0,38,1,11,147,10,1,0,1,1
9797,0,58116.0,38,2,0,0,68,1,10,443,16,1,0,0,0
10949,1,72968.0,8,3,0,1,61,0,11,1958,19,0,1,2,2
8212,1,39791.0,89,7,0,0,53,1,11,174,10,1,0,1,1
6248,1,83917.0,47,3,0,1,77,0,11,2217,27,0,1,2,2
10164,0,83917.0,75,5,0,0,66,0,10,1691,16,1,2,0,0
4547,0,19107.0,86,8,0,0,64,1,11,25,6,2,0,1,1
6815,2,83917.0,4,2,0,1,44,1,10,809,21,0,3,2,2
4122,0,79205.0,73,4,0,1,49,1,12,895,16,0,1,2,2
10841,1,56559.0,46,4,0,0,49,1,12,484,18,1,0,0,0
5370,1,32644.0,38,8,0,0,51,1,11,413,18,1,1,1,1
176,2,67506.0,73,3,0,0,44,0,10,331,12,1,0,0,0
4860,0,24206.0,66,6,0,0,54,0,11,25,5,1,0,1,1
10757,1,28420.0,36,6,0,0,57,0,11,13,4,1,0,1,1
4023,0,22979.0,29,8,0,1,54,1,12,115,10,1,0,1,1
6679,0,33279.0,29,3,0,0,58,0,10,16,4,0,0,1,1
9923,1,46423.0,6,7,0,0,52,0,11,92,9,2,0,1,1
7181,0,30368.0,97,8,0,0,47,1,11,52,7,1,0,1,1
405,0,41638.0,68,8,0,0,60,0,11,441,17,1,1,1,1
6870,1,68805.0,73,2,0,0,65,0,11,283,12,1,0,0,0
832,1,65814.0,90,5,0,0,58,1,10,747,23,1,0,0,0
3657,0,39146.0,1,8,0,0,38,0,11,165,11,1,0,1,1
3262,0,68281.0,31,5,0,1,66,0,12,1655,25,0,0,2,2
4102,2,37284.0,46,6,0,0,49,1,11,23,4,2,0,1,1
7042,0,36790.0,14,9,0,1,41,1,11,66,6,0,0,1,1
10598,0,27943.0,89,8,0,0,57,1,11,37,8,2,0,1,1
255,0,22263.0,31,6,1,0,73,0,10,21,6,2,0,1,1
2375,0,30261.0,75,8,0,0,52,1,12,22,4,3,0,1,1
9829,0,28587.0,42,6,0,0,46,1,10,78,9,1,0,1,1
6214,1,43815.0,53,6,0,0,42,1,11,79,6,1,0,1,1
4954,0,48195.0,53,6,0,0,68,1,10,265,17,2,0,1,1
7861,1,77027.0,23,4,0,0,72,1,10,1175,19,1,0,0,0
9423,1,32765.0,49,5,0,0,45,1,10,46,8,1,0,1,1
4198,0,29672.0,6,6,0,0,59,1,11,25,4,2,0,1,1
153,0,23272.0,29,4,0,0,71,0,11,46,5,0,0,1,1
9323,1,49912.0,5,8,0,1,75,1,12,874,26,1,1,2,2
10001,2,19107.0,98,9,0,0,39,1,12,100,10,1,0,1,1
3945,1,68117.0,80,6,0,1,77,0,11,930,25,1,1,2,2
3799,0,67225.0,4,5,0,0,69,1,11,868,23,1,0,0,0
8625,0,19107.0,70,8,0,0,48,1,11,45,9,1,0,1,1
983,0,40059.0,82,8,0,0,40,1,11,414,12,1,1,1,1
9119,0,60905.0,27,2,0,0,74,1,11,392,15,1,0,0,0
4786,0,75330.0,94,6,0,0,47,1,12,1109,29,2,0,0,0
5872,0,60689.0,23,3,0,0,73,0,11,639,22,1,0,0,0
6568,0,38680.0,97,7,0,0,40,1,11,79,6,1,0,1,1
5631,0,49767.0,92,4,0,0,33,0,11,692,18,0,0,0,0
8416,0,29009.0,19,6,0,0,43,1,11,44,7,1,0,1,1
5454,1,45057.0,80,5,0,0,45,1,11,50,6,1,0,1,1
4095,0,37150.0,80,7,0,0,53,1,12,467,21,1,0,1,1
5474,0,43020.0,79,6,0,0,54,0,11,223,12,1,0,1,1
4268,0,53154.0,50,4,0,0,65,1,10,158,9,1,0,1,1
10701,0,65308.0,60,4,0,0,51,1,11,1211,28,0,2,2,2
2079,2,81044.0,0,1,0,0,77,1,11,1208,22,0,0,0,0
626,0,32871.0,28,4,0,0,73,1,11,43,5,2,0,1,1
4426,0,55801.0,35,7,0,0,49,0,11,527,21,2,1,1,1
2591,0,76320.0,49,2,0,0,65,0,10,932,15,1,0,0,0
10509,1,36927.0,46,8,0,0,69,0,10,71,8,2,0,1,1
6382,0,48794.0,97,4,0,0,71,1,10,54,5,2,0,1,1
6673,0,23478.0,51,8,0,0,59,0,11,129,7,0,0,1,1
1071,1,70179.0,10,5,0,0,48,0,11,1034,26,1,0,0,0
10061,0,59462.0,29,7,0,0,74,1,11,1088,25,1,0,0,0
7187,1,51381.5,52,3,0,0,55,1,11,721,25,2,0,0,0
8775,0,38361.0,74,7,0,0,55,1,11,137,10,1,0,1,1
1612,1,51381.5,82,6,0,0,43,0,11,47,8,1,0,1,1
2345,1,70038.0,54,2,0,0,42,1,11,1244,17,0,0,0,0
322,0,42554.0,93,4,0,0,46,1,11,41,7,2,0,1,1
10897,0,67445.0,63,6,0,0,50,1,12,1174,32,1,0,0,0
6103,0,42192.0,40,4,0,0,76,1,11,100,7,0,0,1,1
7899,1,77610.0,70,7,0,0,72,1,12,1680,17,1,0,0,0
10500,0,31761.0,96,5,0,0,40,1,10,98,9,1,0,1,1
1655,0,34350.0,81,7,0,0,45,1,11,48,5,1,0,1,1
2406,0,54591.0,63,5,0,0,75,1,11,519,19,1,0,0,0
5517,0,25293.0,51,8,0,0,55,1,11,37,5,1,0,1,1
10643,1,42000.0,23,5,0,1,37,0,11,653,20,0,0,2,2
2254,0,69520.0,95,5,0,0,41,1,11,1455,21,0,0,0,0
10281,0,64713.0,11,4,0,1,54,0,10,602,19,1,0,2,2
6958,1,27889.0,42,6,0,0,47,1,11,26,5,1,0,1,1
954,2,22123.0,77,5,0,0,64,0,10,102,7,0,0,1,1
5079,0,51381.5,82,8,0,0,53,1,11,97,10,2,0,1,1
10339,1,51381.5,83,6,0,0,70,1,11,207,11,1,0,1,1
4643,0,27803.0,40,8,0,0,51,1,12,176,9,1,0,1,1
3117,0,51381.5,95,7,0,0,69,0,11,450,15,1,0,0,0
6497,0,51651.0,32,8,0,0,64,1,12,433,17,1,0,1,1
5396,0,68487.0,48,4,0,0,36,1,11,1366,30,0,0,0,0
5250,1,51381.5,75,1,0,1,81,0,11,1564,22,0,1,2,2
1052,0,56796.0,24,7,0,0,55,1,11,1001,27,1,0,0,0
2802,2,83917.0,61,2,0,0,32,1,12,961,18,0,0,0,0
6343,0,79823.0,6,2,0,0,65,1,10,1518,23,1,1,0,0
6507,0,30828.0,16,3,0,0,44,0,11,56,8,1,0,1,1
7901,1,34109.0,39,4,0,0,53,1,11,22,4,1,0,1,1
4865,1,53367.0,2,7,0,1,50,0,11,400,21,2,0,1,1
2686,2,22390.0,49,7,0,0,55,1,11,26,4,0,0,1,1
3107,0,71322.0,31,2,0,0,48,1,10,350,13,1,0,0,0
1146,1,49912.0,5,8,0,1,75,1,12,874,26,1,1,2,2
11031,1,48699.0,90,5,0,0,74,1,11,40,5,2,0,1,1
975,0,54252.0,25,6,0,0,68,0,11,264,15,2,0,1,1
3422,0,76068.0,67,6,0,0,49,1,12,1376,10,1,2,2,2
1055,1,53204.0,40,4,0,0,48,1,10,45,5,2,0,1,1
6544,1,67911.0,63,3,0,0,75,1,10,976,27,1,0,0,0
1241,2,19107.0,1,9,0,1,40,1,12,51,6,1,0,1,1
2909,1,78128.0,89,3,0,0,50,1,10,1264,20,1,2,0,0
5802,2,19107.0,40,6,0,0,52,1,11,75,7,0,0,1,1
1407,2,20425.0,5,7,0,0,38,1,12,57,7,1,0,1,1
6183,1,58646.0,3,4,0,0,62,1,11,140,8,1,0,1,1
340,0,72967.0,1,5,0,1,54,0,12,497,19,1,1,2,2
5991,1,48150.0,24,7,0,0,75,1,11,266,13,1,0,1,1
9729,0,58275.0,48,7,0,0,69,0,11,615,23,2,0,0,0
1008,1,44953.0,31,6,0,0,43,1,12,1021,24,0,1,2,2
11091,0,34587.0,68,4,0,0,71,1,10,22,6,2,0,1,1
3969,1,43018.0,46,5,0,0,50,1,11,133,7,1,0,1,1
1916,1,45736.0,92,7,0,0,70,1,11,437,19,1,0,0,0
9907,1,66476.0,80,4,0,0,55,1,11,1013,26,1,0,0,0
87,2,27733.0,16,7,0,0,43,1,11,57,7,1,0,1,1
8659,1,69805.0,50,2,0,0,72,1,10,1038,27,1,0,0,0
6262,1,72217.0,93,2,0,0,62,0,11,1573,22,0,0,0,0
6147,0,25818.0,51,7,0,0,53,0,12,28,4,1,0,1,1
8832,1,37509.0,24,7,0,0,48,1,12,123,9,1,0,1,1
10067,2,25176.0,79,7,0,0,48,1,11,13,4,2,0,1,1
7532,0,43586.0,26,8,0,0,44,1,12,132,10,1,0,1,1
2115,0,50116.0,68,5,0,0,67,1,10,66,7,2,1,1,1
2088,0,83917.0,98,2,0,0,52,1,11,1631,24,0,3,2,2
2493,0,61286.0,34,5,0,0,58,1,11,608,18,1,0,0,0
6292,1,82333.0,60,2,0,1,38,1,11,1822,18,0,1,2,2
1631,1,65220.0,3,6,0,1,59,1,12,1282,23,0,0,2,2
10104,0,33590.0,65,7,0,0,50,1,11,8,4,3,0,1,1
3006,0,30992.0,83,7,0,0,48,0,11,43,5,1,0,1,1
11181,1,83917.0,85,0,0,0,75,1,11,8,0,0,0,0,0
642,2,19107.0,69,8,0,0,44,1,12,103,8,1,0,1,1
4369,1,65487.0,48,2,0,0,67,0,10,1169,17,0,0,0,0
10127,0,58692.0,21,7,0,0,59,1,10,395,15,1,0,1,1
271,0,40590.0,30,6,0,0,55,0,11,258,15,2,1,1,1
4973,0,20587.0,39,7,0,0,54,0,10,25,5,1,0,1,1
2948,1,62637.0,76,2,0,0,70,0,10,185,10,1,0,0,0
2715,1,29435.0,11,9,0,1,58,0,12,180,11,2,0,1,1
10432,0,19346.0,26,8,0,0,50,0,10,22,5,1,0,1,1
9216,0,35788.0,34,6,0,0,53,1,10,44,7,2,0,1,1
7124,0,36997.0,72,5,0,0,56,0,11,94,12,2,0,1,1
9727,0,23539.0,13,6,0,0,67,1,10,81,7,0,0,1,1
5136,0,65333.0,58,6,0,0,51,0,10,798,28,1,2,0,0
9790,0,78499.0,12,4,0,1,67,0,11,1334,19,0,1,2,2
1818,1,29732.0,23,9,0,0,53,1,10,38,5,1,0,1,1
1100,1,41275.0,33,5,0,0,64,1,10,61,11,3,0,1,1
7873,1,63516.0,30,5,0,0,51,1,11,300,16,2,0,1,1
10609,1,42769.0,15,4,0,0,62,1,11,88,8,1,0,1,1
6950,1,49572.0,25,7,0,0,66,1,11,54,7,2,0,1,1
9481,0,19107.0,80,8,0,0,48,1,10,68,11,1,0,1,1
7699,0,40590.0,30,6,0,0,55,0,11,258,15,2,1,1,1
2711,1,30560.0,6,7,0,0,48,1,11,31,5,1,0,1,1
8933,2,32146.0,16,6,0,0,41,1,10,66,8,1,0,1,1
8726,2,41713.0,57,6,0,0,60,0,10,174,13,2,0,1,1
1515,1,34176.0,9,3,0,0,49,1,10,28,5,1,0,1,1
5186,1,58482.0,59,6,0,0,69,1,10,731,22,1,1,0,0
10157,0,59686.0,78,4,0,0,59,0,10,274,12,1,0,0,0
5667,1,60896.0,90,6,0,1,60,1,12,1701,26,1,0,2,2
902,0,62994.0,74,6,0,0,44,1,10,312,13,1,0,1,1
977,0,47320.0,10,6,0,0,67,1,11,414,20,1,0,0,0
7313,2,74859.0,63,3,0,0,75,0,11,1565,23,0,1,0,0
7600,2,19107.0,13,7,0,0,32,0,11,29,6,1,0,1,1
9706,1,31560.0,98,8,0,0,50,0,11,94,8,1,0,1,1
2429,0,72071.0,4,2,0,0,70,0,11,1338,20,1,0,0,0
3520,1,83917.0,94,3,0,1,34,0,11,1092,14,0,4,2,2
4548,0,41967.0,66,4,0,0,43,0,11,54,5,2,0,1,1
9362,0,69263.0,14,6,0,0,59,0,10,568,18,1,1,0,0
3968,2,65706.0,77,7,0,1,54,0,11,1199,27,0,3,2,2
2829,0,65210.0,25,6,0,0,69,1,10,731,22,1,2,0,0
1772,1,79174.0,2,2,0,1,49,1,11,2043,19,0,2,2,2
492,1,48432.0,3,8,0,0,51,0,12,424,19,1,0,1,1
4541,0,38946.0,84,5,0,0,69,1,11,257,12,1,0,1,1
1321,0,26067.0,49,8,0,0,50,1,11,56,9,1,0,1,1
8858,1,44325.0,69,8,0,0,52,1,11,542,21,1,1,1,1
3266,0,42523.0,96,2,0,0,60,1,10,125,7,0,0,0,0
11187,2,26487.0,23,5,0,0,46,0,11,69,9,1,0,1,1
8207,2,53233.0,18,4,0,0,67,1,10,40,5,1,0,1,1
9723,0,67716.0,8,5,0,0,64,1,11,1016,28,1,1,0,0
2666,1,76234.0,21,3,0,0,52,1,10,907,23,1,1,0,0
5721,1,83917.0,60,2,0,0,68,1,10,1566,24,0,1,0,0
10652,1,65487.0,48,2,0,0,67,1,10,1169,17,0,0,0,0
1646,2,25224.0,36,3,0,0,52,1,10,46,7,1,0,1,1
4418,1,83917.0,36,2,0,1,41,0,11,1644,25,0,0,2,2
2656,0,40851.0,63,7,0,0,53,0,11,59,5,2,0,1,1
7990,0,27469.0,2,6,0,0,77,1,12,17,4,0,0,1,1
7118,0,73803.0,61,6,0,1,67,1,12,1528,22,1,1,2,2
2980,1,19107.0,52,8,0,0,72,0,11,35,10,2,0,1,1
1839,0,43322.0,25,7,0,0,50,0,10,141,8,0,0,1,1
10722,0,55593.0,63,6,0,0,51,1,11,546,17,1,1,0,0
2632,0,50501.0,10,6,0,1,70,1,11,500,20,2,1,2,2
9014,0,37085.0,65,8,0,0,49,1,10,61,10,2,0,1,1
7620,2,19107.0,71,8,0,0,34,0,11,106,8,1,0,1,1
10968,0,57731.0,0,6,0,0,55,0,12,704,26,1,0,0,0
11133,1,48432.0,3,8,0,1,51,0,12,424,19,1,0,2,2
2736,0,73807.0,88,2,0,0,46,1,11,849,23,1,0,0,0
1876,0,19107.0,15,6,0,0,34,1,11,85,6,0,0,1,1
5959,0,35893.0,80,8,0,0,56,0,12,199,15,2,0,1,1
1092,0,61014.0,17,7,0,0,44,1,12,1147,20,1,0,0,0
4333,0,32144.0,76,7,0,0,70,1,10,54,10,2,1,1,1
3850,2,19107.0,52,6,0,0,61,1,12,43,5,1,0,1,1
6168,0,45146.0,28,4,0,0,61,0,11,53,6,2,0,1,1
607,2,41769.0,31,8,0,0,69,0,11,521,22,1,0,1,1
6983,1,38054.0,24,7,0,0,74,0,10,45,7,2,0,1,1
3661,2,80617.0,42,2,0,0,29,0,12,1435,19,0,0,2,2
9303,0,19107.0,12,13,0,0,48,1,11,32,1,1,0,1,1
692,0,36807.0,88,6,0,0,70,1,12,16,4,2,0,1,1
736,0,28427.0,67,8,0,0,41,1,11,52,7,1,0,1,1
4838,0,22775.0,40,8,0,0,46,1,11,15,4,1,0,1,1
9246,1,40101.0,73,7,0,0,39,1,12,415,17,1,0,1,1
6261,0,58025.0,81,4,0,0,45,1,11,470,18,1,0,0,0
7366,1,75777.0,12,1,0,1,42,0,11,1438,21,0,2,2,2
10659,2,19107.0,7,7,0,0,45,1,11,53,11,1,0,1,1
1448,1,33562.0,33,4,0,0,61,1,10,51,9,3,0,1,1
4286,1,57642.0,24,4,0,0,54,0,10,679,22,1,1,0,0
4749,0,58554.0,55,7,0,0,56,1,12,586,22,2,0,0,0
4478,0,63777.0,87,8,0,0,45,1,11,653,26,2,0,0,0
4201,0,57967.0,39,5,0,0,62,0,11,468,19,1,0,0,0
10084,0,24434.0,9,7,0,0,52,1,10,50,7,2,0,1,1
7004,0,19107.0,82,9,0,0,40,0,11,84,9,1,1,1,1
9817,1,44802.0,71,8,0,0,54,0,12,1049,27,0,0,0,0
8080,0,26816.0,50,4,0,0,38,0,12,22,4,0,0,1,1
9432,0,83917.0,23,6,0,0,47,1,11,62,11,1,0,1,1
8372,0,34421.0,81,7,0,0,50,1,11,30,4,1,0,1,1
4001,1,64014.0,56,7,0,0,78,1,10,444,22,3,1,0,0
7270,0,56981.0,91,6,0,0,43,0,10,1241,19,0,1,0,0
8235,1,69245.0,8,3,0,0,68,1,10,843,23,1,0,0,0
9405,1,52869.0,40,7,0,1,70,1,12,172,11,2,0,1,1
